"","repo","user","nationality","coordinates","x","y"
1,"GRASS-GIS/grass-ci","petrasovaa","Raleigh, USA","(47.4327433, -122.2584342)",-122.2584342,47.4327433
3,"GRASS-GIS/grass-ci","HuidaeCho","Atlanta, GA","(33.7489954, -84.3879824)",-84.3879824,33.7489954
4,"GRASS-GIS/grass-ci","zarch","italy","(41.87194, 12.56738)",12.56738,41.87194
8,"GRASS-GIS/grass-ci","YannChemin","JRC, Ispra, Italy","(45.8102083, 8.624441)",8.624441,45.8102083
10,"GRASS-GIS/grass-ci","landam","Prague, Czech Republic","(50.0755381, 14.4378005)",14.4378005,50.0755381
11,"GRASS-GIS/grass-ci","lucadelu","San Michele all'Adige (TN -Italy)","(46.1878653, 11.1330423)",11.1330423,46.1878653
14,"GeoNode/geonode","dkastl","Kobe && Munich","(48.1357931, 11.5758693)",11.5758693,48.1357931
16,"GeoNode/geonode","rmarianski","New York City","(40.7127753, -74.0059728)",-74.0059728,40.7127753
17,"GeoNode/geonode","george-silva","Uberlândia","(-18.9146078, -48.2753801)",-48.2753801,-18.9146078
20,"GeoNode/geonode","collaer","belgium","(50.503887, 4.469936)",4.469936,50.503887
22,"GeoNode/geonode","francbartoli","Rome, IT","(41.9027835, 12.4963655)",12.4963655,41.9027835
24,"GeoNode/geonode","d3netxer","United States","(37.09024, -95.712891)",-95.712891,37.09024
25,"GeoNode/geonode","smesdaghi","VA, USA","(37.4315734, -78.6568942)",-78.6568942,37.4315734
26,"GeoNode/geonode","GuidoS","Boston, MA","(42.3600825, -71.0588801)",-71.0588801,42.3600825
27,"GeoNode/geonode","tomkralidis","Toronto, Ontario, Canada","(43.653226, -79.3831843)",-79.3831843,43.653226
29,"GeoNode/geonode","simod","Ispra, Italy","(45.8139584, 8.6120782)",8.6120782,45.8139584
30,"GeoNode/geonode","mwengren","Silver Spring, MD","(38.9906657, -77.026088)",-77.026088,38.99066570000001
32,"GeoNode/geonode","BerryDaniel","Austin","(30.267153, -97.7430608)",-97.7430608,30.267153
34,"GeoNode/geonode","ezzine","Cairo, Egypt","(30.0444196, 31.2357116)",31.2357116,30.0444196
37,"GeoNode/geonode","machakux","Tanzania","(-6.369028, 34.888822)",34.888822,-6.369028
39,"GeoNode/geonode","jj0hns0n","Oceanside, California","(33.1958696, -117.3794834)",-117.3794834,33.1958696
42,"GeoNode/geonode","drwelby","Windsor, CO","(40.4774818, -104.9013617)",-104.9013617,40.4774818
44,"GeoNode/geonode","mweisman","Cascadia","(44.3966665, -122.4847651)",-122.4847651,44.3966665
47,"GeoNode/geonode","lucacasagrande","München","(48.1351253, 11.5819805)",11.5819805,48.1351253
49,"GeoNode/geonode","JivanAmara","San Diego","(32.715738, -117.1610838)",-117.1610838,32.715738
51,"GeoNode/geonode","hishamkaram","Egypt","(26.820553, 30.802498)",30.802498,26.820553
53,"GeoNode/geonode","matthewhanson","Dover, NH","(43.1978624, -70.8736698)",-70.8736698,43.1978624
54,"GeoNode/geonode","auvipy","Dhaka, Bangladesh","(23.810332, 90.4125181)",90.4125181,23.810332
55,"GeoNode/geonode","tlpinney","Arlington, VA","(38.8816208, -77.0909809)",-77.09098089999999,38.8816208
57,"GeoNode/geonode","frippe12573","Pisa","(43.7228386, 10.4016888)",10.4016888,43.7228386
58,"GeoNode/geonode","davicustodio","Brasil","(-14.235004, -51.92528)",-51.92528,-14.235004
63,"GeoNode/geonode","milafrerichs","Münster, Germany","(51.9606649, 7.6261347)",7.6261347,51.9606649
68,"GeoNode/geonode","ingenieroariel","Barranquilla, Colombia","(11.0041072, -74.8069813)",-74.80698129999999,11.0041072
69,"GeoNode/geonode","Gpetrak","Heraklion, Greece ","(35.3387352, 25.1442126)",25.1442126,35.3387352
71,"GeoNode/geonode","glarrain","Santiago, Chile","(-33.4488897, -70.6692655)",-70.6692655,-33.4488897
73,"GeoNode/geonode","kalxas","Athens, Greece","(37.9838096, 23.7275388)",23.7275388,37.9838096
74,"GeoNode/geonode","Coop56","Green, Ohio","(40.9458898, -81.4831714)",-81.4831714,40.9458898
75,"GeoNode/geonode","alaw005","New Zealand","(-40.900557, 174.885971)",174.885971,-40.900557
76,"GeoNode/geonode","theduckylittle","Minneapolis, MN, USA","(44.977753, -93.2650108)",-93.2650108,44.977753
78,"GeoNode/geonode","joebocop","Whitehorse, Yukon, Canada","(60.7211871, -135.0568448)",-135.0568448,60.7211871
79,"GeoNode/geonode","groldan","Rosario, Santa Fe, Argentina","(-32.9442426, -60.6505388)",-60.65053880000001,-32.9442426
80,"GeoNode/geonode","Gustry","France, Africa and Asia","(33.8968936, 35.5003204)",35.5003204,33.8968936
82,"GeoNode/geonode","pjdufour","Washington, DC, USA","(38.9071923, -77.0368707)",-77.0368707,38.9071923
83,"GeoNode/geonode","dwilhelm89","Münster","(51.9606649, 7.6261347)",7.6261347,51.9606649
84,"GeoNode/geonode","code-geek","Kathmandu, Nepal","(27.7172453, 85.3239605)",85.3239605,27.7172453
87,"GeoNode/geonode","benjwadams","South Kingstown, RI","(41.4475686, -71.524667)",-71.524667,41.4475686
89,"GeoNode/geonode","davelowe","Argyle, Texas","(33.1212321, -97.1833475)",-97.1833475,33.1212321
91,"GeoNode/geonode","mapplus","Seoul, Korea","(37.566535, 126.9779692)",126.9779692,37.566535
92,"GeoNode/geonode","nastasi-oq","Italy","(41.87194, 12.56738)",12.56738,41.87194
93,"GeoNode/geonode","capooti","Cambridge US","(42.3736158, -71.1097335)",-71.10973349999999,42.3736158
94,"GeoNode/geonode","JorgeMartinezG","Barranquilla, Colombia","(11.0041072, -74.8069813)",-74.80698129999999,11.0041072
95,"GeoNode/geonode","ahmednoureldeen","Cairo, Egypt","(30.0444196, 31.2357116)",31.2357116,30.0444196
96,"GeoNode/geonode","etj","Rome, Italy","(41.9027835, 12.4963655)",12.4963655,41.9027835
98,"GeoNode/geonode","cristianzamar","Formosa, Argentina","(-26.1857768, -58.1755669)",-58.1755669,-26.1857768
100,"GeoNode/geonode","warex03","Manila, Philippines","(14.5995124, 120.9842195)",120.9842195,14.5995124
101,"GeoNode/geonode","ict4eo","Pretoria, South Africa","(-25.7478676, 28.2292712)",28.2292712,-25.7478676
102,"GeoNode/geonode","state-hiu-dev","Washington, DC","(38.9071923, -77.0368707)",-77.0368707,38.9071923
103,"GeoNode/geonode","iwillig","New York City","(40.7127753, -74.0059728)",-74.0059728,40.7127753
105,"GeoNode/geonode","chrisjones-brack3t","Moscow, ID","(46.7323875, -117.000165)",-117.000165,46.73238749999999
106,"GeoNode/geonode","benmccall","St. Louis, MO","(38.6270025, -90.1994042)",-90.19940419999999,38.6270025
107,"GeoNode/geonode","sebastianlach","Cracow, Poland","(50.0646501, 19.9449799)",19.9449799,50.06465009999999
108,"GeoNode/geonode","bartvde","Utrecht, The Netherlands","(52.0907374, 5.1214201)",5.1214201,52.09073739999999
109,"GeoNode/geonode","lukeman","Oakland, CA","(37.8043637, -122.2711137)",-122.2711137,37.8043637
110,"GeoNode/geonode","liyingben","beijing","(39.9041999, 116.4073963)",116.4073963,39.90419989999999
111,"GeoNode/geonode","artists974","Reunion Island","(-21.115141, 55.536384)",55.536384,-21.115141
113,"GeoNode/geonode","garnertb","United States","(37.09024, -95.712891)",-95.712891,37.09024
114,"GeoNode/geonode","mekanix","Europe, Serbia, Vojvodina, Novi Sad","(45.2671352, 19.8335496)",19.8335496,45.2671352
115,"GeoNode/geonode","mpriour","Kerrville, TX, USA","(30.0474332, -99.1403189)",-99.1403189,30.0474332
116,"GeoNode/geonode","mdiener21","Klagenfurt, Austria","(46.6364598, 14.3122246)",14.3122246,46.6364598
117,"GeoNode/geonode","mishravikas","Goa, India","(15.2993265, 74.123996)",74.12399599999999,15.2993265
118,"GeoNode/geonode","batje","Maastricht, The Netherlands","(50.8513682, 5.6909725)",5.6909725,50.8513682
119,"GeoNode/geonode","aaime","Italy","(41.87194, 12.56738)",12.56738,41.87194
120,"GeoNode/geonode","jondoig","Sydney Australia","(-33.8688197, 151.2092955)",151.2092955,-33.8688197
121,"GeoNode/geonode","uniomni","Jakarta","(-6.17511, 106.8650395)",106.8650395,-6.17511
122,"GeoNode/geonode","pmdias","Lisbon, Portugal","(38.7222524, -9.1393366)",-9.1393366,38.7222524
123,"GeoNode/geonode","federicogodan","Montevideo, Uruguay","(-34.9011127, -56.1645314)",-56.16453139999999,-34.9011127
124,"GeoNode/geonode","cspanring","Somerville, MA","(42.3875968, -71.0994968)",-71.0994968,42.3875968
125,"GeoNode/geonode","nrb","Goshen, IN","(41.5822716, -85.8344383)",-85.8344383,41.5822716
126,"GeoNode/geonode","npmiller","Edinburgh, Scotland","(55.953252, -3.188267)",-3.188267,55.953252
128,"GeoNode/geonode","gdreich","London","(51.5073509, -0.1277583)",-0.1277583,51.5073509
130,"GeoNode/geonode","daniviga","Bergamo | Pavia, Italy","(45.1928553, 9.1849382)",9.1849382,45.1928553
131,"GeoNode/geonode","paltman","Nashville, TN","(36.1626638, -86.7816016)",-86.7816016,36.1626638
132,"GeoNode/geonode","sbenthall","Brooklyn, NY","(40.6781784, -73.9441579)",-73.9441579,40.6781784
134,"GeoNode/geonode","eg-novelt","Geneva, Switzerland","(46.2043907, 6.1431577)",6.1431577,46.2043907
136,"GeoNode/geonode","ahocevar","Austria","(47.516231, 14.550072)",14.550072,47.516231
138,"GeoNode/geonode","cstephen","Fairbanks, Alaska","(64.8377778, -147.7163888)",-147.7163888,64.8377778
139,"GeoNode/geonode","t-book","Leipzig / Germany","(51.3396955, 12.3730747)",12.3730747,51.3396955
141,"GeoNode/geonode","nloira","Santiago, Chile","(-33.4488897, -70.6692655)",-70.6692655,-33.4488897
142,"GeoNode/geonode","cdbrissac","United States","(37.09024, -95.712891)",-95.712891,37.09024
144,"GeoNode/geonode","twelch","Portland, OR","(45.5230622, -122.6764815)",-122.6764815,45.5230622
145,"GeoNode/geonode","ismailsunni","Yogyakarta, Indonesia","(-7.7955798, 110.3694896)",110.3694896,-7.7955798
149,"GeoNode/geonode","calvinmetcalf","Boston","(42.3600825, -71.0588801)",-71.0588801,42.3600825
150,"GeoNode/geonode","frewsxcv","New York City","(40.7127753, -74.0059728)",-74.0059728,40.7127753
152,"GeoNode/geonode","travislbrundage","Canada","(56.130366, -106.346771)",-106.346771,56.130366
154,"GeoNode/geonode","jmwenda","Nairobi, Kenya","(-1.2920659, 36.8219462)",36.8219462,-1.2920659
156,"GeoNode/geonode","lucernae","Bandung","(-6.9174639, 107.6191228)",107.6191228,-6.9174639
157,"GeoNode/geonode","markiliffe","Leicester, England","(52.6368778, -1.1397592)",-1.1397592,52.6368778
159,"GeoNode/geonode","darinacosta","Louisiana","(30.9842977, -91.9623327)",-91.96233269999999,30.9842977
161,"GeoNode/geonode","gannebamm","germany, höxter","(51.7774678, 9.3771214)",9.3771214,51.7774678
162,"GeoNode/geonode","gamesbook","South Africa","(-30.559482, 22.937506)",22.937506,-30.559482
164,"GeoNode/geonode","atrawog","Vienna,Austria","(48.2081743, 16.3738189)",16.3738189,48.2081743
166,"GeoNode/geonode","samperd","Ottawa","(45.4215296, -75.6971931)",-75.69719309999999,45.4215296
167,"GeoNode/geonode","ndufrane","Belgium","(50.503887, 4.469936)",4.469936,50.503887
168,"GeoNode/geonode","brylie","Tampere, Finland","(61.4977524, 23.7609535)",23.7609535,61.4977524
169,"GeoNode/geonode","cuttlefish","Victoria, BC, Canada","(48.4284207, -123.3656444)",-123.3656444,48.4284207
170,"GeoNode/geonode","GeospatialPython","Bay Saint Louis, MS","(30.3088076, -89.3300461)",-89.33004609999999,30.3088076
171,"GeoNode/geonode","maurimiranda","Mendoza, Argentina","(-32.8894587, -68.8458386)",-68.8458386,-32.8894587
172,"GeoNode/geonode","ppasq","Torino","(45.070312, 7.6868565)",7.686856499999999,45.070312
175,"GeoNode/geonode","JJediny","Washington DC","(38.9071923, -77.0368707)",-77.0368707,38.9071923
176,"GeoNode/geonode","jean","Bangkok","(13.7563309, 100.5017651)",100.5017651,13.7563309
177,"GeoNode/geonode","smellman","Tokyo, Japan","(35.6894875, 139.6917064)",139.6917064,35.6894875
178,"GeoNode/geonode","oware","Nairobi","(-1.2920659, 36.8219462)",36.8219462,-1.2920659
179,"GeoNode/geonode","smathermather","Cleveland, OH","(41.49932, -81.6943605)",-81.6943605,41.49932
180,"GeoNode/geonode","ebradbury","Portland, ME","(43.661471, -70.2553259)",-70.2553259,43.66147100000001
182,"GeoWebCache/geowebcache","jonescc","Australia","(-25.274398, 133.775136)",133.775136,-25.274398
186,"GeoWebCache/geowebcache","bschaepper","Switzerland","(46.818188, 8.227512)",8.227511999999999,46.818188
187,"GeoWebCache/geowebcache","emilzse","Sweden","(60.128161, 18.643501)",18.643501,60.12816100000001
189,"GeoWebCache/geowebcache","jodygarnett","Victoria","(28.8052674, -97.0035982)",-97.0035982,28.8052674
190,"GeoWebCache/geowebcache","halset","Stavanger","(58.9699756, 5.7331074)",5.7331074,58.9699756
191,"GeoWebCache/geowebcache","vickdw","Saint Louis, MO","(38.6270025, -90.1994042)",-90.19940419999999,38.6270025
192,"GeoWebCache/geowebcache","akashisama","Hobart, Tasmania","(-42.8821377, 147.3271949)",147.3271949,-42.8821377
193,"GeoWebCache/geowebcache","smithkm","Victoria, British Columbia","(48.4284207, -123.3656444)",-123.3656444,48.4284207
195,"GeoWebCache/geowebcache","thijsbrentjens","Utrecht, The Netherlands","(52.0907374, 5.1214201)",5.1214201,52.09073739999999
198,"GeoWebCache/geowebcache","bmmpxf","Portland, OR","(45.5230622, -122.6764815)",-122.6764815,45.5230622
199,"GeoWebCache/geowebcache","xguaita","Mallorca. Spain","(39.6952629, 3.0175712)",3.0175712,39.6952629
200,"GeoWebCache/geowebcache","buehner","Bonn, Germany","(50.73743, 7.0982068)",7.0982068,50.73743
201,"GeoWebCache/geowebcache","natalvc","Antwerp, Belgium","(51.2194475, 4.4024643)",4.4024643,51.2194475
204,"GeoWebCache/geowebcache","dvntucker","Canada","(56.130366, -106.346771)",-106.346771,56.130366
210,"GeoWebCache/geowebcache","cjmaynar","Maryland","(39.0457549, -76.6412712)",-76.64127119999999,39.0457549
211,"GeoWebCache/geowebcache","bencaradocdavies","Dunedin, New Zealand","(-45.8787605, 170.5027976)",170.5027976,-45.8787605
213,"GeoWebCache/geowebcache","dromagnoli","Viareggio","(43.8657267, 10.2513103)",10.2513103,43.8657267
214,"GeoWebCache/geowebcache","royvanrijn","Netherlands","(52.132633, 5.291266)",5.291265999999999,52.132633
216,"GeoWebCache/geowebcache","whatnick","Adelaide","(-34.9284989, 138.6007456)",138.6007456,-34.9284989
217,"GeoWebCache/geowebcache","ericdahl","Sunnyvale, CA","(37.36883, -122.0363496)",-122.0363496,37.36883
218,"GeoWebCache/geowebcache","xlhomme","France","(46.227638, 2.213749)",2.213749,46.227638
219,"GeoWebCache/geowebcache","frdeboffles","TUCSON, AZ, USA","(32.2217429, -110.926479)",-110.926479,32.2217429
220,"GeoWebCache/geowebcache","nmco","Portugal","(39.399872, -8.224454)",-8.224454,39.39987199999999
221,"GeoWebCache/geowebcache","fabricebrito","Rome, Italy","(41.9027835, 12.4963655)",12.4963655,41.9027835
225,"GeoWebCache/geowebcache","simboss","Via di Montramito 3, Massarosa, Lucca, Italy","(43.882837, 10.299161)",10.299161,43.88283699999999
226,"KDE/marble","tsdgeos","L'Hospitalet de Llobregat, Barcelona","(41.3661865, 2.1164942)",2.1164942,41.3661865
228,"KDE/marble","shubhashreedhar","Durgapur, West Bengal","(23.5204443, 87.3119227)",87.3119227,23.5204443
231,"KDE/marble","drehscheibe","Austria","(47.516231, 14.550072)",14.550072,47.516231
232,"KDE/marble","krop","France","(46.227638, 2.213749)",2.213749,46.227638
234,"KDE/marble","pgquiles","Alicante (Spain)","(38.3459963, -0.4906855)",-0.4906855,38.3459963
238,"KDE/marble","calincru","Bucharest, Romania","(44.4267674, 26.1025384)",26.1025384,44.4267674
240,"KDE/marble","tcanabrava","Campinas","(-22.9098833, -47.0625812)",-47.0625812,-22.9098833
246,"KDE/marble","cvandonderen","Nuremberg, Germany","(49.4521018, 11.0766654)",11.0766654,49.4521018
247,"KDE/marble","shashanksingh","banglore , india","(12.9715987, 77.5945627)",77.5945627,12.9715987
249,"KDE/marble","martenjj","Twickenham, UK","(51.444581, -0.335246)",-0.335246,51.44458100000001
252,"KDE/marble","adriaandegroot","Netherlands","(52.132633, 5.291266)",5.291265999999999,52.132633
253,"KDE/marble","ObKo","Novosibirsk, Russia","(55.0083526, 82.9357327)",82.9357327,55.00835259999999
254,"KDE/marble","basyskom-torsten-rahn","Nuremberg","(49.4521018, 11.0766654)",11.0766654,49.4521018
255,"KDE/marble","ImperialLlama","Bucharest, Romania","(44.4267674, 26.1025384)",26.1025384,44.4267674
256,"KDE/marble","AndreiDuma","Romania","(45.943161, 24.96676)",24.96676,45.943161
260,"KDE/marble","Chocimier","Polska","(51.919438, 19.145136)",19.145136,51.919438
261,"KDE/marble","levex","San Francisco, CA","(37.7749295, -122.4194155)",-122.4194155,37.7749295
262,"KDE/marble","sedwards2009","Netherlands","(52.132633, 5.291266)",5.291265999999999,52.132633
263,"KDE/marble","pradeepto","Pune","(18.5204303, 73.8567437)",73.8567437,18.5204303
264,"KDE/marble","mboquien","Chile","(-35.675147, -71.542969)",-71.542969,-35.675147
265,"KDE/marble","bholst","Freiburg im Breisgau (Germany)","(47.9990077, 7.8421043)",7.842104299999999,47.9990077
266,"KDE/marble","jpetso","Toronto","(43.653226, -79.3831843)",-79.3831843,43.653226
268,"KDE/marble","jlayt","London","(51.5073509, -0.1277583)",-0.1277583,51.5073509
271,"KDE/marble","antlarr","Spain","(40.463667, -3.74922)",-3.74922,40.46366700000001
272,"KDE/marble","agarciamontoro","Granada, Andalucía, Spain","(37.1773363, -3.5985571)",-3.5985571,37.1773363
275,"KDE/marble","tzapzoor","Bucharest, Romania","(44.4267674, 26.1025384)",26.1025384,44.4267674
279,"KDE/marble","kbal","Geel, Belgium","(51.16257, 4.99084)",4.990839999999999,51.16257
285,"KDE/marble","davispuh","Latvia","(56.879635, 24.603189)",24.603189,56.879635
286,"KDE/marble","aspotashev","Moscow; Saint-Petersburg","(59.9245851, 30.386475)",30.386475,59.9245851
287,"KDE/marble","JordiPolo","Japan","(36.204824, 138.252924)",138.252924,36.204824
288,"KDE/marble","adraghici","London, UK","(51.5073509, -0.1277583)",-0.1277583,51.5073509
295,"KDE/marble","Earthwings","Karlsruhe, Germany","(49.0068901, 8.4036527)",8.4036527,49.0068901
298,"KDE/marble","JLP","Bohinjska Bistrica, Slovenia","(46.2715884, 13.9564098)",13.9564098,46.2715884
300,"KDE/marble","utkuaydin","İstanbul, Turkey","(41.0082376, 28.9783589)",28.9783589,41.0082376
302,"KDE/marble","nsams","Salzburg, Austria","(47.80949, 13.05501)",13.05501,47.80949
305,"KDE/marble","krf","Cologne, Germany","(50.937531, 6.9602786)",6.9602786,50.937531
306,"KDE/marble","Sanjiban","Bangalore, India","(12.9715987, 77.5945627)",77.5945627,12.9715987
307,"KDE/marble","rku","Radebeul, Germany","(51.1115648, 13.6493707)",13.6493707,51.1115648
310,"KDE/marble","adamdbrw","Warsaw","(52.2296756, 21.0122287)",21.0122287,52.2296756
311,"KDE/marble","haraldF","Berlin, Germany","(52.5200066, 13.404954)",13.404954,52.52000659999999
312,"KDE/marble","lliehu","Tampere, Finland","(61.4977524, 23.7609535)",23.7609535,61.4977524
313,"KDE/marble","abhgangwar","New Delhi, India","(28.6139391, 77.2090212)",77.2090212,28.6139391
314,"KDE/marble","simonschmeisser","Freiburg, Germany","(47.9990077, 7.8421043)",7.842104299999999,47.9990077
316,"KDE/marble","marekhakala","Europe","(54.5259614, 15.2551187)",15.2551187,54.5259614
317,"KDE/marble","bhush9","India","(20.593684, 78.96288)",78.96288,20.593684
318,"KDE/marble","AnderPijoan","Bilbao","(43.2630126, -2.9349852)",-2.9349852,43.2630126
319,"KDE/marble","cytadela8","Poland","(51.919438, 19.145136)",19.145136,51.919438
322,"KDE/marble","danielmarth","Austria","(47.516231, 14.550072)",14.550072,47.516231
323,"KDE/marble","Rakete1111","Karlsruhe, Germany","(49.0068901, 8.4036527)",8.4036527,49.0068901
324,"KDE/marble","nicolas17","Buenos Aires, Argentina","(-34.6036844, -58.3815591)",-58.3815591,-34.6036844
325,"KDE/marble","mghansen256","Monheim am Rhein, Germany","(51.0891756, 6.8945753)",6.894575300000001,51.0891756
327,"KDE/marble","CezarMocan","San Francisco, CA","(37.7749295, -122.4194155)",-122.4194155,37.7749295
328,"KDE/marble","NicoK","Berlin","(52.5200066, 13.404954)",13.404954,52.52000659999999
330,"KDE/marble","darkstar","Reutlingen, Germany","(48.5069389, 9.2038043)",9.2038043,48.50693889999999
331,"KDE/marble","stikonas","Edinburgh, UK","(55.953252, -3.188267)",-3.188267,55.953252
332,"KDE/marble","benkaiser","Redmond, WA, USA","(47.6739881, -122.121512)",-122.121512,47.6739881
333,"KDE/marble","bettio","Padova, Italy","(45.4064349, 11.8767611)",11.8767611,45.4064349
336,"KDE/marble","JIghtuse","Novosibirsk","(55.0083526, 82.9357327)",82.9357327,55.00835259999999
338,"KDE/marble","wiedi","Berlin","(52.5200066, 13.404954)",13.404954,52.52000659999999
341,"KDE/marble","uwolfer","Zurich, Switzerland","(47.3768866, 8.541694)",8.541694,47.3768866
342,"KDE/marble","dcambie","The Netherlands","(52.132633, 5.291266)",5.291265999999999,52.132633
344,"KDE/marble","koldavid","Debrecen, Hungary","(47.5316049, 21.6273124)",21.6273124,47.5316049
345,"KDE/marble","milliams","UK","(55.378051, -3.435973)",-3.435973,55.378051
346,"KDE/marble","shivshnkr","Bangalore","(12.9715987, 77.5945627)",77.5945627,12.9715987
347,"KDE/marble","jriddell","Edinburgh, Scotland","(55.953252, -3.188267)",-3.188267,55.953252
349,"KDE/marble","ana","Lyon, France","(45.764043, 4.835659)",4.835659,45.764043
350,"KDE/marble","mansona","Wicklow, Ireland","(52.9808207, -6.044589)",-6.044588999999999,52.9808207
351,"KDE/marble","cordlandwehr","Paderborn, Germany","(51.7189205, 8.7575093)",8.757509299999999,51.7189205
357,"KDE/marble","mnafees","Waterloo, ON","(43.4642578, -80.5204096)",-80.5204096,43.4642578
362,"KDE/marble","smarter","Lausanne, Switzerland","(46.5196535, 6.6322734)",6.6322734,46.5196535
364,"KDE/marble","coolo","Germany","(51.165691, 10.451526)",10.451526,51.165691
368,"KDE/marble","gladhorn","Norway","(60.472024, 8.468946)",8.468945999999999,60.47202399999999
369,"KDE/marble","sutirthaghosh","India","(20.593684, 78.96288)",78.96288,20.593684
372,"KDE/marble","rakuco","Amsterdam, Netherlands","(52.3702157, 4.8951679)",4.895167900000001,52.3702157
373,"KDE/marble","winterz","North Carolina, USA","(35.7595731, -79.0192997)",-79.01929969999999,35.7595731
374,"KDE/marble","stassats","Earth","(34.2331373, -102.4107493)",-102.4107493,34.2331373
379,"KDE/marble","robertknight","London, United Kingdom","(51.5073509, -0.1277583)",-0.1277583,51.5073509
381,"KDE/marble","EgorMatirov","Izhevsk","(56.8618601, 53.2324284)",53.2324284,56.86186009999999
384,"KDE/marble","timlinux","SA","(23.885942, 45.079162)",45.079162,23.885942
385,"OSGeo/gdal","ccondit","United States","(37.09024, -95.712891)",-95.712891,37.09024
388,"OSGeo/gdal","dreamil","Bangalore","(12.9715987, 77.5945627)",77.5945627,12.9715987
389,"OSGeo/gdal","ajolma","Helsinki","(60.1698557, 24.9383791)",24.9383791,60.16985569999999
391,"OSGeo/gdal","pka","Zürich, Switzerland","(47.3768866, 8.541694)",8.541694,47.3768866
392,"OSGeo/gdal","schwehr","San Francisco Bay Area","(37.8271784, -122.2913078)",-122.2913078,37.8271784
394,"OSGeo/gdal","rcoup","Edinburgh, Scotland","(55.953252, -3.188267)",-3.188267,55.953252
398,"OSGeo/gdal","jgallagher59701","Butte, MT","(46.0038232, -112.5347775)",-112.5347775,46.0038232
400,"OSGeo/gdal","ksshannon","Boise, ID","(43.6187102, -116.2146068)",-116.2146068,43.6187102
401,"OSGeo/gdal","jef-n","Northern Germany","(50.91214, 6.96777)",6.96777,50.91214
402,"OSGeo/gdal","vmora","Biviers","(45.2414944, 5.8023806)",5.802380599999999,45.2414944
404,"OSGeo/gdal","hobu","Iowa City, IA","(41.6611277, -91.5301683)",-91.5301683,41.6611277
405,"OSGeo/gdal","etiennesky","Barcelona","(41.3850639, 2.1734035)",2.1734035,41.3850639
407,"OSGeo/gdal","atlight","Melbourne","(-37.8136276, 144.9630576)",144.9630576,-37.8136276
408,"OSGeo/gdal","dmorissette","Chicoutimi, QC, Canada","(48.3516735, -71.1385136)",-71.1385136,48.3516735
409,"OSGeo/gdal","rouault","France","(46.227638, 2.213749)",2.213749,46.227638
411,"OSGeo/gdal","embeepea","NYC","(40.7127753, -74.0059728)",-74.0059728,40.7127753
413,"OSGeo/gdal","klokan","Switzerland","(46.818188, 8.227512)",8.227511999999999,46.818188
414,"OSGeo/gdal","warmerdam","San Francisco","(37.7749295, -122.4194155)",-122.4194155,37.7749295
415,"OSGeo/gdal","pramsey","Victoria, BC, Canada","(48.4284207, -123.3656444)",-123.3656444,48.4284207
416,"OSGeo/gdal","dwadler","Woodstock, NY USA","(42.0409247, -74.1181971)",-74.1181971,42.0409247
417,"OSGeo/gdal","avalentino","Matera (MT), Italy","(40.666379, 16.6043199)",16.6043199,40.666379
418,"OSGeo/gdal","cfis","Denver","(39.7392358, -104.990251)",-104.990251,39.7392358
419,"OSGeo/gdal","blazek","Prague","(50.0755381, 14.4378005)",14.4378005,50.0755381
420,"OSGeo/gdal","mloskot","Wrocław, PL | London, UK","(51.1041654, 16.8809331)",16.8809331,51.1041654
426,"OSGeo/geos","robe2","Boston","(42.3600825, -71.0588801)",-71.0588801,42.3600825
428,"OSGeo/geos","grizonnetm","Toulouse","(43.604652, 1.444209)",1.444209,43.604652
429,"OSGeo/geos","dbaston","Vermont","(44.5588028, -72.5778415)",-72.57784149999999,44.5588028
437,"OSGeo/proj.4","ndavid","Saint-Mandé","(48.842832, 2.4178639)",2.4178639,48.84283199999999
440,"OSGeo/proj.4","busstoptaktik","Copenhagen, Denmark (55N 12E)","(43.8919399, -75.6716827)",-75.67168269999999,43.8919399
441,"OSGeo/proj.4","mraspaud","Norrköping, Sweden","(58.587745, 16.192421)",16.192421,58.587745
442,"OSGeo/proj.4","beuan","Redlands, California","(34.0555693, -117.1825381)",-117.1825381,34.0555693
443,"OSGeo/proj.4","kbevers","Copenhagen, Denmark","(55.6760968, 12.5683372)",12.5683372,55.6760968
446,"OSGeo/proj.4","zsiki","Budapest, Hungary","(47.497912, 19.040235)",19.040235,47.497912
449,"OSGeo/proj.4","tfili","Exton, PA","(40.0325817, -75.6274583)",-75.6274583,40.0325817
451,"OSGeo/proj.4","ioshchepkov","Moscow","(55.755826, 37.6172999)",37.6172999,55.755826
453,"OSGeo/proj.4","moovida","Bolzano","(46.4982953, 11.3547582)",11.3547582,46.4982953
461,"OSGeo/proj.4","drhaynes","UK","(55.378051, -3.435973)",-3.435973,55.378051
465,"OSGeo/proj.4","luqqe","Poland","(51.919438, 19.145136)",19.145136,51.919438
467,"OSGeo/proj.4","mwtoews","Wellington, New Zealand","(-41.2864603, 174.776236)",174.776236,-41.2864603
468,"OSGeo/proj.4","lukecampbell","South Kingstown, RI","(41.4475686, -71.524667)",-71.524667,41.4475686
470,"OSGeo/proj.4","aaronpuchert","Jena, Germany","(50.927054, 11.5892372)",11.5892372,50.927054
471,"OSGeo/proj.4","micahcochran","Athens, Alabama, USA","(34.8028661, -86.9716741)",-86.9716741,34.8028661
472,"OSGeo/proj.4","awulkiew","Poland","(51.919438, 19.145136)",19.145136,51.919438
476,"deegree/deegree3","aerben","Köln","(50.937531, 6.9602786)",6.9602786,50.937531
483,"deegree/deegree3","hwbllmnn","Windeck, Germany","(50.7880324, 7.5655319)",7.565531900000001,50.7880324
484,"deegree/deegree3","versusvoid","Krasnodar","(45.0392674, 38.9872209)",38.9872209,45.03926740000001
487,"deegree/deegree3","jarped","Norway","(60.472024, 8.468946)",8.468945999999999,60.47202399999999
488,"deegree/deegree3","paul999","Utrecht, Netherlands","(52.0907374, 5.1214201)",5.1214201,52.09073739999999
490,"deegree/deegree3","tfr42","Cologne, Germany","(50.937531, 6.9602786)",6.9602786,50.937531
491,"deegree/deegree3","MrSnyder","Bonn","(50.73743, 7.0982068)",7.0982068,50.73743
493,"deegree/deegree3","wanhoff","Germany","(51.165691, 10.451526)",10.451526,51.165691
494,"deegree/deegree3","wilden","Bonn, Germany","(50.73743, 7.0982068)",7.0982068,50.73743
496,"geomajas/geomajas-project-client-gwt2","joachimvda","Booischot, Belgium","(51.05151, 4.77523)",4.77523,51.05151
497,"geomajas/geomajas-project-client-gwt2","olivermay","Ghent, Belgium","(51.0543422, 3.7174243)",3.7174243,51.0543422
498,"geomajas/geomajas-project-client-gwt2","redlab","Gent, Belgium","(51.0543422, 3.7174243)",3.7174243,51.0543422
501,"geomajas/geomajas-project-client-gwt2","pieterdg","Gent","(51.0543422, 3.7174243)",3.7174243,51.0543422
504,"geomajas/geomajas-project-client-gwt2","hkristof","Gent","(51.0543422, 3.7174243)",3.7174243,51.0543422
517,"geonetwork/core-geonetwork","heikkidoeleman","Nice, France","(43.7101728, 7.2619532)",7.261953200000001,43.7101728
519,"geonetwork/core-geonetwork","austinkeeley","Fairfax, VA","(38.8462236, -77.3063733)",-77.30637329999999,38.84622359999999
523,"geonetwork/core-geonetwork","PascalLike","Netherlands","(52.132633, 5.291266)",5.291265999999999,52.132633
524,"geonetwork/core-geonetwork","kolesar-andras","Hungary","(47.162494, 19.5033041)",19.5033041,47.162494
526,"geonetwork/core-geonetwork","matthias-mueller","Dresden, Germany","(51.0504088, 13.7372621)",13.7372621,51.0504088
527,"geonetwork/core-geonetwork","oscarfonts","Barcelona","(41.3850639, 2.1734035)",2.1734035,41.3850639
528,"geonetwork/core-geonetwork","doublebyte1","Italy","(41.87194, 12.56738)",12.56738,41.87194
529,"geonetwork/core-geonetwork","MichelGabriel","Bennekom","(51.9991039, 5.6747544)",5.674754399999999,51.99910389999999
530,"geonetwork/core-geonetwork","offtherailz","Viareggio (LU)","(43.8657267, 10.2513103)",10.2513103,43.8657267
531,"geonetwork/core-geonetwork","stormtek","Dunedin, New Zealand","(-45.8787605, 170.5027976)",170.5027976,-45.8787605
533,"geonetwork/core-geonetwork","fgravin","Chambéry","(45.564601, 5.917781)",5.917781,45.564601
535,"geonetwork/core-geonetwork","luisromangz","Seville, Spain","(37.3890924, -5.9844589)",-5.9844589,37.3890924
537,"geonetwork/core-geonetwork","tchaddad","Portland, OR","(45.5230622, -122.6764815)",-122.6764815,45.5230622
540,"geonetwork/core-geonetwork","Delawen","Seville","(37.3890924, -5.9844589)",-5.9844589,37.3890924
541,"geonetwork/core-geonetwork","pgiraud","Chambéry","(45.564601, 5.917781)",5.917781,45.564601
542,"geonetwork/core-geonetwork","alediator","Sevilla, Spain","(37.3890924, -5.9844589)",-5.9844589,37.3890924
544,"geonetwork/core-geonetwork","Damianofds","Italy","(41.87194, 12.56738)",12.56738,41.87194
545,"geonetwork/core-geonetwork","pvalsecc","Switzerland","(46.818188, 8.227512)",8.227511999999999,46.818188
546,"geonetwork/core-geonetwork","brett-walker","Hobart, Tasmania","(-42.8821377, 147.3271949)",147.3271949,-42.8821377
548,"geonetwork/core-geonetwork","ianturton","UK","(55.378051, -3.435973)",-3.435973,55.378051
549,"geonetwork/core-geonetwork","pvgenuchten","Wageningen","(51.9691868, 5.6653948)",5.6653948,51.9691868
550,"geonetwork/core-geonetwork","Cicuta33","Apeldoorn","(52.211157, 5.9699231)",5.9699231,52.21115700000001
552,"geonetwork/core-geonetwork","tonio","Chambéry, France","(45.564601, 5.917781)",5.917781,45.564601
553,"geonetwork/core-geonetwork","juanluisrp","Sevilla","(37.3890924, -5.9844589)",-5.9844589,37.3890924
554,"geonetwork/core-geonetwork","mlefort","Toulouse","(43.604652, 1.444209)",1.444209,43.604652
558,"geonetwork/core-geonetwork","jeanpommier","France","(46.227638, 2.213749)",2.213749,46.227638
559,"geonetwork/core-geonetwork","mcoudert","Toulouse","(43.604652, 1.444209)",1.444209,43.604652
560,"geonetwork/core-geonetwork","pmauduit","Chambéry, France","(45.564601, 5.917781)",5.917781,45.564601
561,"geonetwork/core-geonetwork","landryb","Auvergne","(45.7032695, 3.3448536)",3.3448536,45.7032695
562,"geonetwork/core-geonetwork","jahow","Chambéry, France","(45.564601, 5.917781)",5.917781,45.564601
563,"geonetwork/core-geonetwork","archaeogeek","UK","(55.378051, -3.435973)",-3.435973,55.378051
570,"geonetwork/core-geonetwork","ticheler","Bennekom, The Netherlands","(51.9991039, 5.6747544)",5.674754399999999,51.99910389999999
571,"geonetwork/core-geonetwork","gmlewis","Mountain View, CA","(37.3860517, -122.0838511)",-122.0838511,37.3860517
572,"geonetwork/core-geonetwork","arnaud-morvan","Chambéry","(45.564601, 5.917781)",5.917781,45.564601
576,"geopython/pycsw","jfdickens","Stennis Space Center","(30.3619837, -89.5994225)",-89.5994225,30.3619837
577,"geopython/pycsw","sarametz","Auckland, New Zealand","(-36.8484597, 174.7633315)",174.7633315,-36.8484597
579,"geopython/pycsw","jiwalker-usgs","Middleton, WI","(43.0972174, -89.5042876)",-89.5042876,43.09721740000001
580,"geopython/pycsw","kwilcox","Rhode Island","(41.5800945, -71.4774291)",-71.4774291,41.5800945
582,"geopython/pycsw","ahinz","Boston","(42.3600825, -71.0588801)",-71.0588801,42.3600825
583,"geopython/pycsw","bukun","Changchun, China","(43.817071, 125.323544)",125.323544,43.817071
587,"geopython/pycsw","sriranganathan","Tiruchirappalli","(10.7904833, 78.7046725)",78.7046725,10.7904833
590,"geopython/pycsw","milokmet","Banská Bystrica, Slovakia","(48.736277, 19.1461917)",19.1461917,48.736277
595,"geopython/pycsw","AxxL","Germany","(51.165691, 10.451526)",10.451526,51.165691
596,"geopython/pycsw","amercader","Newcastle upon Tyne, UK | The Internet","(54.9741542, -1.6334076)",-1.6334076,54.9741542
602,"geopython/pycsw","ocefpaf","Florianópolis, SC","(-27.5948698, -48.5482195)",-48.54821949999999,-27.5948698
604,"geoserver/geoserver","mwerlen","France","(46.227638, 2.213749)",2.213749,46.227638
605,"geoserver/geoserver","marcjansen","Bonn, Germany","(50.73743, 7.0982068)",7.0982068,50.73743
609,"geoserver/geoserver","lindsejs","Riga, Latvia","(56.9496487, 24.1051865)",24.1051865,56.9496487
612,"geoserver/geoserver","ivanfmartinez","São Paulo, SP, Brazil","(-23.5505199, -46.6333094)",-46.63330939999999,-23.5505199
613,"geoserver/geoserver","markusin","Bozen","(46.4982953, 11.3547582)",11.3547582,46.4982953
624,"geoserver/geoserver","jmarin","Washington DC","(38.9071923, -77.0368707)",-77.0368707,38.9071923
629,"geoserver/geoserver","fgdrf","Hamburg, Germany","(53.5510846, 9.9936819)",9.9936819,53.5510846
638,"geoserver/geoserver","shane-axiom","Portland, OR","(45.5230622, -122.6764815)",-122.6764815,45.5230622
639,"geoserver/geoserver","PaulBiskup","Stuttgart (Germany)","(48.7758459, 9.1829321)",9.1829321,48.7758459
644,"geoserver/geoserver","fvanderbiest","Chambéry, France","(45.564601, 5.917781)",5.917781,45.564601
647,"geoserver/geoserver","iant1212","Lancaster, PA USA","(40.0378755, -76.3055144)",-76.3055144,40.0378755
649,"geoserver/geoserver","johngschulz","Saint Louis, MO, United States","(38.6270025, -90.1994042)",-90.19940419999999,38.6270025
654,"geoserver/geoserver","am2222","Iran","(32.427908, 53.688046)",53.688046,32.427908
655,"geoserver/geoserver","steenhulthin","Copenhagen, Denmark","(55.6760968, 12.5683372)",12.5683372,55.6760968
661,"geoserver/geoserver","mfilocha","Warsaw, Poland","(52.2296756, 21.0122287)",21.0122287,52.2296756
663,"geoserver/geoserver","ccancellieri","Rome","(41.9027835, 12.4963655)",12.4963655,41.9027835
666,"geoserver/geoserver","xandros6","Italy","(41.87194, 12.56738)",12.56738,41.87194
667,"geoserver/geoserver","jia020","Sydney ","(-33.8688197, 151.2092955)",151.2092955,-33.8688197
668,"geoserver/geoserver","walkermatt","UK","(55.378051, -3.435973)",-3.435973,55.378051
669,"geoserver/geoserver","ahuarte47","Pamplona/Iruña - Navarra","(42.812526, -1.6457745)",-1.6457745,42.812526
671,"geoserver/geoserver","WillieMaddox","United States","(37.09024, -95.712891)",-95.712891,37.09024
676,"geoserver/geoserver","braeckel","Boulder, CO","(40.0149856, -105.2705456)",-105.2705456,40.0149856
679,"geoserver/geoserver","milovanderlinden","Vught, The Netherlands","(51.653306, 5.2943466)",5.2943466,51.653306
681,"geoserver/geoserver","1tylermitchell","Penticton, BC, Canada","(49.4991381, -119.5937077)",-119.5937077,49.4991381
684,"geoserver/geoserver","goudine","Victoria, BC","(48.4284207, -123.3656444)",-123.3656444,48.4284207
685,"geoserver/geoserver","tingold","Maryland, US","(39.0457549, -76.6412712)",-76.64127119999999,39.0457549
688,"geoserver/geoserver","mtCarto","Victoria, B.C.","(48.4284207, -123.3656444)",-123.3656444,48.4284207
689,"geoserver/geoserver","sampov2","Helsinki, Finland","(60.1698557, 24.9383791)",24.9383791,60.16985569999999
691,"geoserver/geoserver","gberaudo","Switzerland","(46.818188, 8.227512)",8.227511999999999,46.818188
702,"geoserver/geoserver","jdries","Belgium","(50.503887, 4.469936)",4.469936,50.503887
706,"geoserver/geoserver","qscripter","Washington DC","(38.9071923, -77.0368707)",-77.0368707,38.9071923
707,"geoserver/geoserver","jrbeckwith","St Louis, MO","(38.6270025, -90.1994042)",-90.19940419999999,38.6270025
710,"geoserver/geoserver","Gnafu","Italy","(41.87194, 12.56738)",12.56738,41.87194
711,"geoserver/geoserver","leighghunt","Whitby, Porirua, Wellington","(-41.1115582, 174.8889124)",174.8889124,-41.1115582
717,"geoserver/geoserver","eduardogspereira","Brazil","(-14.235004, -51.92528)",-51.92528,-14.235004
718,"geoserver/geoserver","jsanz","Valencia, Spain","(39.4699075, -0.3762881)",-0.3762881,39.4699075
719,"geoserver/geoserver","juhahyva","Oulu, Finland","(65.0120888, 25.4650772)",25.4650772,65.0120888
720,"geoserver/geoserver","DenisCarriere","Ottawa, ON Canada","(45.4215296, -75.6971931)",-75.69719309999999,45.4215296
722,"geoserver/geoserver","cgore","Saint Charles, Missouri, USA","(38.7881062, -90.4974359)",-90.4974359,38.7881062
724,"geoserver/geoserver","omarkljung","Stockholm","(59.3293235, 18.0685808)",18.0685808,59.32932349999999
725,"geoserver/geoserver","dakcarto","Black Hills, South Dakota","(43.9939484, -103.7717686)",-103.7717686,43.9939484
728,"geoserver/geoserver","mprins","Earth (mostly)","(6.6097836, 3.3564509)",3.3564509,6.6097836
729,"geoserver/geoserver","hanchao","Beijing China","(39.9041999, 116.4073963)",116.4073963,39.90419989999999
732,"geoserver/geoserver","jmiller-boundless","United States","(37.09024, -95.712891)",-95.712891,37.09024
735,"geoserver/geoserver","spike83","Switzerland","(46.818188, 8.227512)",8.227511999999999,46.818188
737,"geoserver/geoserver","alex3305","Tilburg, Netherlands","(51.5852528, 5.056375)",5.056375,51.58525280000001
740,"geoserver/geoserver","mike-es","San Diego, CA","(32.715738, -117.1610838)",-117.1610838,32.715738
741,"geoserver/geoserver","svzdvd","Dublin (Ireland)","(53.3498053, -6.2603097)",-6.2603097,53.3498053
743,"geoserver/geoserver","nitram509","GERMANY","(51.165691, 10.451526)",10.451526,51.165691
744,"geoserver/geoserver","totomz","Roma, Italy","(41.9027835, 12.4963655)",12.4963655,41.9027835
746,"geoserver/geoserver","tvernum","Sydney, Australia","(-33.8688197, 151.2092955)",151.2092955,-33.8688197
747,"geoserver/geoserver","nmandery","Munich, Germany","(48.1351253, 11.5819805)",11.5819805,48.1351253
748,"geoserver/geoserver","geojs","France","(46.227638, 2.213749)",2.213749,46.227638
753,"geoserver/geoserver","moesol","San Diego","(32.715738, -117.1610838)",-117.1610838,32.715738
754,"geoserver/geoserver","etiennethomassen","Hunsel, Nederland","(51.1881543, 5.8131944)",5.8131944,51.1881543
755,"geoserver/geoserver","srstclair","portland, or","(45.5230622, -122.6764815)",-122.6764815,45.5230622
758,"geoserver/geoserver","GeoffWilliams","Sydney, Australia","(-33.8688197, 151.2092955)",151.2092955,-33.8688197
759,"geoserver/geoserver","weskamm","Bonn, Germany","(50.73743, 7.0982068)",7.0982068,50.73743
761,"geoserver/geoserver","cippino","Rome","(41.9027835, 12.4963655)",12.4963655,41.9027835
762,"geoserver/geoserver","hennr","Berlin, Germany","(52.5200066, 13.404954)",13.404954,52.52000659999999
763,"geoserver/geoserver","suhaibtamimi","Montreal, QC, Canada","(45.5016889, -73.567256)",-73.567256,45.5016889
765,"geoserver/geoserver","kolosov-sergey","Russia","(61.52401, 105.318756)",105.318756,61.52401
767,"geoserver/geoserver","emacgillavry","Utrecht, the Netherlands","(52.0907374, 5.1214201)",5.1214201,52.09073739999999
771,"geoserver/geoserver","jnewmoyer","United States","(37.09024, -95.712891)",-95.712891,37.09024
773,"geoserver/geoserver","ridethepenguin","Reggio Emilia","(44.6989932, 10.6296859)",10.6296859,44.6989932
777,"geotools/geotools","leif81","Kingston, Ontario, Canada","(44.2311717, -76.4859544)",-76.4859544,44.2311717
779,"geotools/geotools","don-vip","Toulouse, France","(43.604652, 1.444209)",1.444209,43.604652
782,"geotools/geotools","guidograzioli","London,UK","(51.5073509, -0.1277583)",-0.1277583,51.5073509
784,"geotools/geotools","wulfsberg","Copenhagen, Denmark","(55.6760968, 12.5683372)",12.5683372,55.6760968
790,"geotools/geotools","sgraca","Gliwice","(50.2944923, 18.6713802)",18.6713802,50.29449229999999
800,"geotools/geotools","lossyrob","Philadelphia, PA","(39.9525839, -75.1652215)",-75.1652215,39.9525839
804,"geotools/geotools","astinn02","Sausalito","(37.8590937, -122.4852507)",-122.4852507,37.8590937
808,"geotools/geotools","DieterDePaepe","Belgium","(50.503887, 4.469936)",4.469936,50.503887
810,"geotools/geotools","tomasma5","Prague","(50.0755381, 14.4378005)",14.4378005,50.0755381
812,"geotools/geotools","alexandreDavid","Lyon","(45.764043, 4.835659)",4.835659,45.764043
814,"geotools/geotools","mbedward","Sydney, Australia","(-33.8688197, 151.2092955)",151.2092955,-33.8688197
819,"geotools/geotools","rhayes-cida","Middleton, WI","(43.0972174, -89.5042876)",-89.5042876,43.09721740000001
823,"geotools/geotools","abobov","Tyumen, Russia","(57.1612975, 65.5250172)",65.5250172,57.1612975
833,"geotools/geotools","felixonmars","Wuhan, Hubei, China","(30.592849, 114.305539)",114.305539,30.592849
837,"geotools/geotools","PissedCapslock","Belgium","(50.503887, 4.469936)",4.469936,50.503887
843,"geotools/geotools","gregsymons","Austin, TX","(30.267153, -97.7430608)",-97.7430608,30.267153
846,"geotools/geotools","cne1x","Charlottesville, VA","(38.0293059, -78.4766781)",-78.47667810000002,38.0293059
851,"geotools/geotools","nicolaiparlog","Germany","(51.165691, 10.451526)",10.451526,51.165691
852,"geotools/geotools","guymers","Australia","(-25.274398, 133.775136)",133.775136,-25.274398
853,"geotools/geotools","newmanw","Denver, CO","(39.7392358, -104.990251)",-104.990251,39.7392358
857,"geotools/geotools","brunodoamaral","Rio de Janeiro, Brazil","(-22.9068467, -43.1728965)",-43.1728965,-22.9068467
861,"geotools/geotools","wumpz","Germany","(51.165691, 10.451526)",10.451526,51.165691
864,"geotools/geotools","sosimple","Lisbon","(38.7222524, -9.1393366)",-9.1393366,38.7222524
865,"geotools/geotools","markles","Sydney Australia","(-33.8688197, 151.2092955)",151.2092955,-33.8688197
867,"geotools/geotools","CozC","Bucharest, Romania","(44.4267674, 26.1025384)",26.1025384,44.4267674
875,"geotools/geotools","davidmoten","Canberra, Australia","(-35.2809368, 149.1300092)",149.1300092,-35.2809368
879,"geotools/geotools","chaosmail","Vienna, Austria","(48.2081743, 16.3738189)",16.3738189,48.2081743
880,"geotools/geotools","bestrauss","Florianópolis, Brasil","(-27.5948698, -48.5482195)",-48.54821949999999,-27.5948698
883,"geotools/geotools","Dortund","Nederland","(39.9613759, -105.5108312)",-105.5108312,39.9613759
884,"geotools/geotools","lmoran","Melbourne, Australia","(-37.8136276, 144.9630576)",144.9630576,-37.8136276
886,"geotools/geotools","eduardomps","São José dos Campos","(-23.223701, -45.9009074)",-45.9009074,-23.223701
889,"geotools/geotools","wmstoval","Atlanta, Georgia","(33.7489954, -84.3879824)",-84.3879824,33.7489954
891,"geotools/geotools","jkburges","Hobart","(41.5322592, -87.2550353)",-87.2550353,41.5322592
894,"geotools/geotools","marpet","Geesthacht","(53.4379562, 10.3611665)",10.3611665,53.4379562
895,"geotools/geotools","hgryoo","Busan, South Korea","(35.1795543, 129.0756416)",129.0756416,35.1795543
913,"geotools/geotools","bernardladenthin","Berlin, Germany","(52.5200066, 13.404954)",13.404954,52.52000659999999
918,"geotools/geotools","HendrikPeilke","Germany","(51.165691, 10.451526)",10.451526,51.165691
925,"geotools/geotools","bkiselka","Mödling","(48.08255, 16.2869)",16.2869,48.08255
933,"gvSIGAssociation/gvsig-mobile","jjdelcerro","Valencia, España","(39.4699075, -0.3762881)",-0.3762881,39.4699075
936,"gvSIGAssociation/gvsig-web","pilarargudo","Valencia","(28.5212941, -81.4657554)",-81.46575539999999,28.5212941
938,"gvSIGAssociation/gvsig-web","dcervera","Valencia, Spain","(39.4699075, -0.3762881)",-0.3762881,39.4699075
939,"gvSIGAssociation/gvsig-web","cordin","Valencia","(28.5212941, -81.4657554)",-81.46575539999999,28.5212941
943,"istSOS/istsos2","mantonovic","Lugano","(46.0036778, 8.951052)",8.951051999999999,46.0036778
946,"mapbender/mapbender","topiwg","Bonn","(50.73743, 7.0982068)",7.0982068,50.73743
947,"mapbender/mapbender","Vaddo","Germany","(51.165691, 10.451526)",10.451526,51.165691
949,"mapbender/mapbender","patrice-geo","Quebec, Canada","(46.8138783, -71.2079809)",-71.2079809,46.8138783
950,"mapbender/mapbender","mariofertc","Ambato","(-1.2543408, -78.6228504)",-78.62285039999999,-1.2543408
957,"mapbender/mapbender","marmancs","Remscheid","(51.1787418, 7.1896963)",7.1896963,51.1787418
962,"mapfish/mapfish","asaunier","Lausanne Switzerland","(46.5196535, 6.6322734)",6.6322734,46.5196535
963,"mapfish/mapfish","fredj","Switzerland","(46.818188, 8.227512)",8.227511999999999,46.818188
965,"mapfish/mapfish","damiencorpataux","Lausanne, Switzerland","(46.5196535, 6.6322734)",6.6322734,46.5196535
970,"mapserver/mapserver","pagameba","Ottawa, ON, Canada","(45.4215296, -75.6971931)",-75.69719309999999,45.4215296
971,"mapserver/mapserver","yjacolin","Le Bourget du Lac","(45.649392, 5.859076)",5.859076,45.649392
972,"mapserver/mapserver","nijikon","Cracow, Poland","(50.0646501, 19.9449799)",19.9449799,50.06465009999999
974,"mapserver/mapserver","dshorthouse","Ottawa, ON","(45.4215296, -75.6971931)",-75.69719309999999,45.4215296
980,"mapserver/mapserver","olt","Germany","(51.165691, 10.451526)",10.451526,51.165691
981,"mapserver/mapserver","unicolet","Vicenza, Italy","(45.5454787, 11.5354214)",11.5354214,45.5454787
982,"mapserver/mapserver","MaxKellermann","Germany, Bergisch Gladbach","(50.9923091, 7.1286213)",7.1286213,50.9923091
984,"mapserver/mapserver","seuros","Tangier, Morocco","(35.7594651, -5.8339543)",-5.833954299999999,35.7594651
985,"mapserver/mapserver","markathomas","USA","(37.09024, -95.712891)",-95.712891,37.09024
987,"mapserver/mapserver","Jenselme","Paris, France","(48.856614, 2.3522219)",2.3522219,48.856614
990,"mapserver/mapserver","wraeth","Newcastle, Australia","(-32.9282712, 151.7816802)",151.7816802,-32.9282712
992,"mapserver/mapserver","akrherz","Ames Iowa","(42.0307812, -93.6319131)",-93.63191309999999,42.0307812
994,"mapserver/mapserver","msmitherdc","Hanover, NH","(43.7022451, -72.2895526)",-72.2895526,43.7022451
997,"mapserver/mapserver","geonux","Toulouse","(43.604652, 1.444209)",1.444209,43.604652
1001,"mapserver/mapserver","astroidex","Cologne","(44.7688889, -93.7805556)",-93.7805556,44.7688889
1004,"mapserver/mapserver","tigerfoot","Charmoille, Switzerland","(47.4230647, 7.2039915)",7.2039915,47.4230647
1005,"mapserver/mapserver","homme","Isle of Wight, UK","(50.6938479, -1.304734)",-1.304734,50.69384789999999
1008,"mapserver/mapserver","sbrunner","Lausanne","(46.5196535, 6.6322734)",6.6322734,46.5196535
1010,"mapserver/mapserver","sgillies","Fort Collins, Colorado","(40.5852602, -105.084423)",-105.084423,40.5852602
1011,"mapserver/mapserver","jlarouche","Chicoutimi, QC, CA","(48.3516735, -71.1385136)",-71.1385136,48.3516735
1018,"mapserver/mapserver","jmckenna","Lunenburg, Nova Scotia, Canada","(44.3770053, -64.3188354)",-64.3188354,44.3770053
1019,"mapserver/mapserver","Schpidi","Vienna, Austria","(48.2081743, 16.3738189)",16.3738189,48.2081743
1020,"mapserver/mapserver","constantinius","Vienna","(48.2081743, 16.3738189)",16.3738189,48.2081743
1023,"mapserver/mapserver","fblackburn","Saguenay, Qc, Canada","(48.4280529, -71.0684923)",-71.0684923,48.4280529
1031,"mapserver/mapserver","WearyMonkey","Australia","(-25.274398, 133.775136)",133.775136,-25.274398
1032,"mapserver/mapserver","sdlime","Minnesota, USA","(46.729553, -94.6858998)",-94.6858998,46.729553
1034,"mapserver/mapserver","jwall","Stockholm, Sweden","(59.3293235, 18.0685808)",18.0685808,59.32932349999999
1037,"mapserver/mapserver","edigiacomo","Bologna, Italy","(44.494887, 11.3426162)",11.3426162,44.494887
1038,"mapserver/mapserver","tbonfort","Toulouse, FR","(43.604652, 1.444209)",1.444209,43.604652
1040,"mapserver/mapserver","zidge","Ottawa, Canada","(45.4215296, -75.6971931)",-75.69719309999999,45.4215296
1041,"mapserver/mapserver","aabhayas","Australia","(-25.274398, 133.775136)",133.775136,-25.274398
1043,"opengeospatial/teamengine","bermud","Maryland, US","(39.0457549, -76.6412712)",-76.64127119999999,39.0457549
1048,"opengeospatial/teamengine","keshav-nangare","Pune","(18.5204303, 73.8567437)",73.8567437,18.5204303
1051,"opengeospatial/teamengine","upendra-sachan","Baner, Pune","(18.5590032, 73.7867629)",73.7867629,18.5590032
1055,"opengeospatial/teamengine","lorebiga","Italia","(41.87194, 12.56738)",12.56738,41.87194
1059,"openlayers/openlayers","raiyni","Missouri","(37.9642529, -91.8318334)",-91.8318334,37.9642529
1062,"openlayers/openlayers","twpayne","Zürich, Switzerland","(47.3768866, 8.541694)",8.541694,47.3768866
1064,"openlayers/openlayers","ThomasG77","Nantes, France","(47.218371, -1.553621)",-1.553621,47.218371
1065,"openlayers/openlayers","nachouve","Galicia, Spain","(42.5750554, -8.1338558)",-8.1338558,42.5750554
1066,"openlayers/openlayers","jbo023","Berlin","(52.5200066, 13.404954)",13.404954,52.52000659999999
1069,"openlayers/openlayers","maveric1977","Munich, Germany","(48.1351253, 11.5819805)",11.5819805,48.1351253
1070,"openlayers/openlayers","bentrm","Dresden, Germany","(51.0504088, 13.7372621)",13.7372621,51.0504088
1071,"openlayers/openlayers","icholy","St. Catharines, Ontario","(43.1593745, -79.2468626)",-79.2468626,43.1593745
1072,"openlayers/openlayers","lazaruslarue","wherevs","(40.7037851, -89.4256995)",-89.4256995,40.7037851
1074,"openlayers/openlayers","mblinsitu","Paris, France","(48.856614, 2.3522219)",2.3522219,48.856614
1078,"openlayers/openlayers","ZiglioUK","Bristol, United Kingdom","(51.454513, -2.58791)",-2.58791,51.454513
1079,"openlayers/openlayers","kalbermattenm","Neuchâtel, Switzerland","(46.9899874, 6.9292732)",6.9292732,46.9899874
1081,"openlayers/openlayers","tmcw","San Francisco, CA","(37.7749295, -122.4194155)",-122.4194155,37.7749295
1082,"openlayers/openlayers","htulipe","France","(46.227638, 2.213749)",2.213749,46.227638
1084,"openlayers/openlayers","crschmidt","Cambridge, MA","(42.3736158, -71.1097335)",-71.10973349999999,42.3736158
1085,"openlayers/openlayers","felixgirault","Angers, France","(47.478419, -0.563166)",-0.5631659999999999,47.478419
1087,"openlayers/openlayers","brendankenny","Mountain View, CA","(37.3860517, -122.0838511)",-122.0838511,37.3860517
1089,"openlayers/openlayers","austinhyde","Pittsburgh, PA","(40.4406248, -79.9958864)",-79.9958864,40.44062479999999
1091,"openlayers/openlayers","ekargee","Perth, Western Australia","(-31.9505269, 115.8604572)",115.8604572,-31.9505269
1093,"openlayers/openlayers","felixveysseyre","Lyon, France","(45.764043, 4.835659)",4.835659,45.764043
1095,"openlayers/openlayers","bjornharrtell","Malmö, SWEDEN","(55.604981, 13.003822)",13.003822,55.604981
1096,"openlayers/openlayers","Morgul","Lubbock, TX","(33.5778631, -101.8551665)",-101.8551665,33.5778631
1098,"openlayers/openlayers","llambanna","New Zealand","(-40.900557, 174.885971)",174.885971,-40.900557
1100,"openlayers/openlayers","argson","Poland","(51.919438, 19.145136)",19.145136,51.919438
1101,"openlayers/openlayers","cpsTinK","Russia, Belgorod","(50.5997134, 36.5982621)",36.5982621,50.5997134
1103,"openlayers/openlayers","NaveenKY","Ludwigshafen, Germany","(49.47741, 8.44518)",8.445179999999999,49.47741
1104,"openlayers/openlayers","samuellapointe","Chicoutimi, Quebec, Canada","(48.3516735, -71.1385136)",-71.1385136,48.3516735
1105,"openlayers/openlayers","AlesJiranek","Czech, Prague","(50.0755381, 14.4378005)",14.4378005,50.0755381
1108,"openlayers/openlayers","greenkeeperio-bot","☁️","(41.253423, -75.262681)",-75.262681,41.253423
1109,"openlayers/openlayers","stweil","Mannheim, Germany","(49.4874592, 8.4660395)",8.466039499999999,49.4874592
1113,"openlayers/openlayers","aisaacs","United States","(37.09024, -95.712891)",-95.712891,37.09024
1115,"openlayers/openlayers","matjos","Sweden","(60.128161, 18.643501)",18.643501,60.12816100000001
1116,"openlayers/openlayers","fperucic","15,45","(15.515888, 45.4498065)",45.4498065,15.515888
1117,"openlayers/openlayers","cs09g","SeongNam, South Korea","(37.4449168, 127.1388684)",127.1388684,37.4449168
1118,"openlayers/openlayers","j16sdiz","Hong Kong SAR","(22.396428, 114.109497)",114.109497,22.396428
1120,"openlayers/openlayers","denilsonsa","Brazil","(-14.235004, -51.92528)",-51.92528,-14.235004
1121,"openlayers/openlayers","mike-mcgann","Lanham, Maryland","(38.9685112, -76.8620327)",-76.8620327,38.96851119999999
1122,"openlayers/openlayers","wb14123","China","(35.86166, 104.195397)",104.195397,35.86166
1125,"openlayers/openlayers","pedros007","Boulder, CO","(40.0149856, -105.2705456)",-105.2705456,40.0149856
1126,"openlayers/openlayers","tomhughes","Hertfordshire, UK","(51.8097823, -0.2376744)",-0.2376744,51.80978229999999
1128,"openlayers/openlayers","sebasbaumh","Germany","(51.165691, 10.451526)",10.451526,51.165691
1129,"openlayers/openlayers","schuyler","San Francisco, CA","(37.7749295, -122.4194155)",-122.4194155,37.7749295
1131,"openlayers/openlayers","marcosox","Italy","(41.87194, 12.56738)",12.56738,41.87194
1132,"openlayers/openlayers","marlowp","United Kingdom","(55.378051, -3.435973)",-3.435973,55.378051
1133,"openlayers/openlayers","brianreavis","Wyoming","(43.0759678, -107.2902839)",-107.2902839,43.0759678
1135,"openlayers/openlayers","scharrier","Angers, France","(47.478419, -0.563166)",-0.5631659999999999,47.478419
1137,"openlayers/openlayers","gregersrygg","Oslo, Norway","(59.9138688, 10.7522454)",10.7522454,59.9138688
1139,"openlayers/openlayers","tremby","Vancouver, BC","(49.2827291, -123.1207375)",-123.1207375,49.2827291
1140,"openlayers/openlayers","EduardoNogueira","Porto, Portugal","(41.1579438, -8.6291053)",-8.629105299999999,41.1579438
1141,"openlayers/openlayers","jorix","Castelldefels (near Barcelona, Spain)","(41.2800161, 1.9766294)",1.9766294,41.2800161
1142,"openlayers/openlayers","spatialillusions","Gothenburg, Sweden","(57.70887, 11.97456)",11.97456,57.70887
1145,"openlayers/openlayers","dnlkoch","Bonn, Germany","(50.73743, 7.0982068)",7.0982068,50.73743
1148,"openlayers/openlayers","drupol","Bruxelles","(50.8503463, 4.3517211)",4.3517211,50.8503463
1149,"openlayers/openlayers","Barryrowe","Louisville, KY","(38.2526647, -85.7584557)",-85.7584557,38.2526647
1150,"openlayers/openlayers","bjnsn","USA","(37.09024, -95.712891)",-95.712891,37.09024
1151,"openlayers/openlayers","jomue","Copenhagen, Denmark","(55.6760968, 12.5683372)",12.5683372,55.6760968
1155,"openlayers/openlayers","daliborjanak","Olomouc","(49.593778, 17.2508787)",17.2508787,49.593778
1157,"openlayers/openlayers","itjope","Sundsvall","(62.390811, 17.306927)",17.306927,62.390811
1166,"openlayers/openlayers","f7o","Frankfurt am Main","(50.1109221, 8.6821267)",8.6821267,50.1109221
1170,"openlayers/openlayers","nicholas-l","New Zealand","(-40.900557, 174.885971)",174.885971,-40.900557
1172,"openlayers/openlayers","thhomas","Ramonville","(43.543794, 1.4784139)",1.4784139,43.543794
1173,"openlayers/openlayers","PeterDaveHello","Taiwan","(23.69781, 120.960515)",120.960515,23.69781
1174,"openlayers/openlayers","bill-chadwick","Reading, UK","(51.4542645, -0.9781303)",-0.9781303,51.4542645
1175,"openlayers/openlayers","jonataswalker","Campinas, Brasil","(-22.9098833, -47.0625812)",-47.0625812,-22.9098833
1177,"openlayers/openlayers","ebelo","Lausanne, Switzerland","(46.5196535, 6.6322734)",6.6322734,46.5196535
1180,"openlayers/openlayers","NicolasBrandli","Grenoble","(45.188529, 5.724524)",5.724524,45.188529
1181,"openlayers/openlayers","aberenyi","Budapest, Hungary","(47.497912, 19.040235)",19.040235,47.497912
1185,"openlayers/openlayers","nagytech","Sydney, AU","(-33.8688197, 151.2092955)",151.2092955,-33.8688197
1186,"openlayers/openlayers","gravitystorm","London","(51.5073509, -0.1277583)",-0.1277583,51.5073509
1188,"openlayers/openlayers","Toilal","Orléans, France","(47.902964, 1.909251)",1.909251,47.902964
1190,"openlayers/openlayers","pksorensen","Denmark","(56.26392, 9.501785)",9.501785,56.26392
1192,"openlayers/openlayers","thomasmoelhave","Aarhus, Denmark","(56.162939, 10.203921)",10.203921,56.162939
1193,"orfeotoolbox/OTB","abricier-cs","France","(46.227638, 2.213749)",2.213749,46.227638
1196,"orfeotoolbox/OTB","olahlou","Toulouse","(43.604652, 1.444209)",1.444209,43.604652
1198,"orfeotoolbox/OTB","janestar","Hangzhou,Zhejiang Province","(30.274084, 120.15507)",120.15507,30.274084
1204,"orfeotoolbox/OTB","sdinot","France","(46.227638, 2.213749)",2.213749,46.227638
1205,"orfeotoolbox/OTB","echristophe","California","(36.778261, -119.4179324)",-119.4179324,36.778261
1206,"orfeotoolbox/OTB","lnicola","Craiova, Romania","(44.3301785, 23.7948807)",23.7948807,44.3301785
1207,"orfeotoolbox/OTB","julienmalik","Toulouse, France","(43.604652, 1.444209)",1.444209,43.604652
1209,"orfeotoolbox/OTB","savmickael","Toulouse, France","(43.604652, 1.444209)",1.444209,43.604652
1212,"orfeotoolbox/OTB","remicres","Montpellier, France","(43.610769, 3.876716)",3.876716,43.610769
1213,"orfeotoolbox/OTB","rkanavath","France","(46.227638, 2.213749)",2.213749,46.227638
1214,"ossimlabs/ossim","Spectrality","Melbourne, FL","(28.0836269, -80.6081089)",-80.60810889999999,28.0836269
1215,"ossimlabs/ossim","smsiebe","Augusta, GA","(33.4734978, -82.0105148)",-82.0105148,33.4734978
1217,"ossimlabs/ossim","okramer","Miami Beach","(25.790654, -80.1300455)",-80.1300455,25.790654
1223,"ossimlabs/ossim","oscarkramer","Miami Beach","(25.790654, -80.1300455)",-80.1300455,25.790654
1224,"ossimlabs/ossim","kitplummer","Tucson, AZ","(32.2217429, -110.926479)",-110.926479,32.2217429
1229,"ossimlabs/ossim","sbortman","Melbourne, FL","(28.0836269, -80.6081089)",-80.60810889999999,28.0836269
1232,"ossimlabs/ossim","rddesmond","Washington, DC","(38.9071923, -77.0368707)",-77.0368707,38.9071923
1237,"pgRouting/pgrouting","hugomd","Melbourne, Australia","(-37.8136276, 144.9630576)",144.9630576,-37.8136276
1240,"pgRouting/pgrouting","vpicavet","France","(46.227638, 2.213749)",2.213749,46.227638
1241,"pgRouting/pgrouting","daas-ankur-shukla","Mumbai, India","(19.0759837, 72.8776559)",72.8776559,19.0759837
1243,"pgRouting/pgrouting","vidhan13j07","Jaipur","(26.9124336, 75.7872709)",75.7872709,26.9124336
1244,"pgRouting/pgrouting","Zia-","Istanbul, Turkey","(41.0082376, 28.9783589)",28.9783589,41.0082376
1245,"pgRouting/pgrouting","titanofold","Bryson City, NC USA","(35.4309291, -83.4473809)",-83.4473809,35.4309291
1246,"pgRouting/pgrouting","lvv83","Russia, Komi Republic, Syktyvkar","(61.6478508, 50.8339029)",50.8339029,61.6478508
1247,"pgRouting/pgrouting","justjkk","Bangalore, India","(12.9715987, 77.5945627)",77.5945627,12.9715987
1249,"pgRouting/pgrouting","JakobMiksch","Europe","(54.5259614, 15.2551187)",15.2551187,54.5259614
1252,"pgRouting/pgrouting","scovetta","Washington","(47.7510741, -120.7401385)",-120.7401385,47.7510741
1253,"pgRouting/pgrouting","opessoa","Blumenau","(-26.9165792, -49.0717331)",-49.0717331,-26.9165792
1259,"pgRouting/pgrouting","omshinde","Mumbai, India","(19.0759837, 72.8776559)",72.8776559,19.0759837
1260,"pgRouting/pgrouting","jwakely","London","(51.5073509, -0.1277583)",-0.1277583,51.5073509
1262,"pgRouting/pgrouting","kiorky","Nantes, France","(47.218371, -1.553621)",-1.553621,47.218371
1263,"pgRouting/pgrouting","yobiSource","Germany","(51.165691, 10.451526)",10.451526,51.165691
1267,"pgRouting/pgrouting","woodbri","Greater Boston, Mass., USA","(42.3473129, -71.0782651)",-71.0782651,42.3473129
1269,"pgRouting/pgrouting","Rylynnn","Xi'an Shaanxi China","(34.341574, 108.93977)",108.93977,34.341574
1272,"pgRouting/pgrouting","manikanta-kondeti","IIIT,Hyderabad","(17.445388, 78.3482302)",78.3482302,17.445388
1273,"pgRouting/pgrouting","sanak","Japan, Kansai","(34.4320024, 135.2303939)",135.2303939,34.4320024
1274,"pgRouting/pgrouting","grayed","Russia/Moscow","(55.755826, 37.6172999)",37.6172999,55.755826
1276,"pgRouting/pgrouting","iamrohith94","India","(20.593684, 78.96288)",78.96288,20.593684
1278,"postgis/postgis","Komzpa","Minsk, Belarus","(53.9045398, 27.5615244)",27.5615244,53.90453979999999
1280,"postgis/postgis","cmhodgson","Victoria, BC, Canada","(48.4284207, -123.3656444)",-123.3656444,48.4284207
1290,"postgis/postgis","devrimgunduz","Istanbul","(41.0082376, 28.9783589)",28.9783589,41.0082376
1291,"postgis/postgis","markusschaber","Kempten, Germany","(47.7285699, 10.3157835)",10.3157835,47.7285699
1300,"qgis/QGIS","sikmir","St. Petersburg, Russia","(59.9342802, 30.3350986)",30.3350986,59.9342802
1301,"qgis/QGIS","simon04","Innsbruck, Austria","(47.2692124, 11.4041024)",11.4041024,47.2692124
1302,"qgis/QGIS","homann","Hindås","(57.7036372, 12.4460308)",12.4460308,57.7036372
1304,"qgis/QGIS","jgrocha","Braga, Portugal","(41.5454486, -8.426507)",-8.426506999999999,41.5454486
1308,"qgis/QGIS","DelazJ","FRANCE","(46.227638, 2.213749)",2.213749,46.227638
1310,"qgis/QGIS","olivierdalang","Suva, Fiji","(-18.1248086, 178.4500789)",178.4500789,-18.1248086
1313,"qgis/QGIS","ajdunlap","Stanford, CA","(37.424106, -122.1660756)",-122.1660756,37.42410599999999
1316,"qgis/QGIS","gshegunov","Sofia, Bulgaria","(42.6977082, 23.3218675)",23.3218675,42.6977082
1317,"qgis/QGIS","Roel","Ghent, Belgium","(51.0543422, 3.7174243)",3.7174243,51.0543422
1323,"qgis/QGIS","tqhien","France","(46.227638, 2.213749)",2.213749,46.227638
1327,"qgis/QGIS","tomtor","Netherlands","(52.132633, 5.291266)",5.291265999999999,52.132633
1328,"qgis/QGIS","mwa","Zurich, Switzerland","(47.3768866, 8.541694)",8.541694,47.3768866
1330,"qgis/QGIS","DiGro","Hoorn NH","(52.6423654, 5.0602124)",5.0602124,52.6423654
1331,"qgis/QGIS","kiselev-dv","Yekaterinburg, Russia","(56.8389261, 60.6057025)",60.6057025,56.83892609999999
1333,"qgis/QGIS","bartnv","Netherlands","(52.132633, 5.291266)",5.291265999999999,52.132633
1337,"qgis/QGIS","RCura","Paris, France","(48.856614, 2.3522219)",2.3522219,48.856614
1340,"qgis/QGIS","Qgis-Tr-kr","Seoul, South Korea","(37.566535, 126.9779692)",126.9779692,37.566535
1343,"qgis/QGIS","tomchadwin","UK","(55.378051, -3.435973)",-3.435973,55.378051
1344,"qgis/QGIS","tmizu23","Sendai Miyagi Japan","(38.268215, 140.8693558)",140.8693558,38.268215
1345,"qgis/QGIS","All4Gis","Madrid , Spain","(40.4167754, -3.7037902)",-3.7037902,40.4167754
1346,"qgis/QGIS","sept-en","Ukraine","(48.379433, 31.1655799)",31.1655799,48.379433
1347,"qgis/QGIS","kthy","Taastrup, Denmark","(55.6460162, 12.2979366)",12.2979366,55.6460162
1350,"qgis/QGIS","nirvn","Southeast Asia, based in Phnom Penh","(11.5535303, 104.9337512)",104.9337512,11.5535303
1352,"qgis/QGIS","spatialthoughts","Bangalore","(12.9715987, 77.5945627)",77.5945627,12.9715987
1353,"qgis/QGIS","simogeo","Paris, France","(48.856614, 2.3522219)",2.3522219,48.856614
1354,"qgis/QGIS","ddanielvaz","Marília-SP, Brazil","(-22.2175997, -49.9505101)",-49.9505101,-22.2175997
1355,"qgis/QGIS","artfwo","Novosibirsk, Russia","(55.0083526, 82.9357327)",82.9357327,55.00835259999999
1356,"qgis/QGIS","slarosa","Rende, Calabria (Italy)","(39.3317751, 16.1839028)",16.1839028,39.3317751
1358,"qgis/QGIS","rugginoso","Florence, Italy","(43.7695604, 11.2558136)",11.2558136,43.7695604
1359,"qgis/QGIS","om-henners","Melbourne, Australia","(-37.8136276, 144.9630576)",144.9630576,-37.8136276
1360,"qgis/QGIS","dzolo","Slavičín","(49.0879853, 17.8734988)",17.8734988,49.0879853
1361,"qgis/QGIS","mj10777","Berlin, Germany","(52.5200066, 13.404954)",13.404954,52.52000659999999
1363,"qgis/QGIS","aginor","New Zealand","(-40.900557, 174.885971)",174.885971,-40.900557
1370,"qgis/QGIS","imincik","New Zealand/Slovakia","(-36.8433452, 174.765401)",174.765401,-36.8433452
1372,"qgis/QGIS","mhugo","Nantes","(47.218371, -1.553621)",-1.553621,47.218371
1376,"qgis/QGIS","peterisb","Latvia","(56.879635, 24.603189)",24.603189,56.879635
1378,"qgis/QGIS","nouanda","France","(46.227638, 2.213749)",2.213749,46.227638
1379,"qgis/QGIS","PeterPetrik","Czech Republic","(49.817492, 15.472962)",15.472962,49.81749199999999
1380,"qgis/QGIS","wonder-sk","Earth","(34.2331373, -102.4107493)",-102.4107493,34.2331373
1382,"qgis/QGIS","gvellut","Annecy","(45.899247, 6.129384)",6.129384,45.899247
1386,"qgis/QGIS","tcoupin","Montpellier","(43.610769, 3.876716)",3.876716,43.610769
1387,"qgis/QGIS","jnmoal","France","(46.227638, 2.213749)",2.213749,46.227638
1389,"qgis/QGIS","lynxlynxlynx","Ljubljana","(46.0569465, 14.5057515)",14.5057515,46.0569465
1390,"qgis/QGIS","akbargumbira","Warsaw, Poland","(52.2296756, 21.0122287)",21.0122287,52.2296756
1392,"qgis/QGIS","gioman","Évora, Portugal","(38.571431, -7.913502)",-7.913501999999999,38.571431
1393,"qgis/QGIS","asiersarasua","Gasteiz","(42.8591338, -2.6818614)",-2.6818614,42.8591338
1395,"qgis/QGIS","cedi4155476","Switzerland","(46.818188, 8.227512)",8.227511999999999,46.818188
1396,"qgis/QGIS","telwertowski","Brookline, MA, US","(42.3317642, -71.1211635)",-71.1211635,42.33176419999999
1397,"qgis/QGIS","tecoholic","Chennai","(13.0826802, 80.2707184)",80.2707184,13.0826802
1400,"qgis/QGIS","frugardc","New York City, NY","(40.7127753, -74.0059728)",-74.0059728,40.7127753
1403,"qgis/QGIS","pierstitus","Netherlands","(52.132633, 5.291266)",5.291265999999999,52.132633
1404,"qgis/QGIS","sfkeller","Rapperswil SG, Switzerland","(47.2266239, 8.8184374)",8.818437399999999,47.2266239
1405,"qgis/QGIS","vinayan","India","(20.593684, 78.96288)",78.96288,20.593684
1407,"qgis/QGIS","tudorbarascu","Râmnicu Vâlcea, România","(45.0996753, 24.3693179)",24.3693179,45.0996753
1410,"qgis/QGIS","pcav","anywhere","(47.602201, -122.333481)",-122.333481,47.602201
1414,"qgis/QGIS","loiemilio","Dublin","(53.3498053, -6.2603097)",-6.2603097,53.3498053
1415,"qgis/QGIS","bstroebl","Germany","(51.165691, 10.451526)",10.451526,51.165691
1417,"qgis/QGIS","mkrambach","Osnabrück, Germany","(52.2799112, 8.0471788)",8.0471788,52.2799112
1420,"qgis/QGIS","elpaso","Luserna San Giovanni (TO), Italy","(44.8170347, 7.2445882)",7.244588199999999,44.81703470000001
1422,"qgis/QGIS","jonnyforestGIS","Coimbra","(40.2033145, -8.4102573)",-8.4102573,40.2033145
1423,"qgis/QGIS","myarjunar","Bandung","(-6.9174639, 107.6191228)",107.6191228,-6.9174639
1426,"qgis/QGIS","spilth","Brooklyn, NY","(40.6781784, -73.9441579)",-73.9441579,40.6781784
1428,"qgis/QGIS","saberraz","UK","(55.378051, -3.435973)",-3.435973,55.378051
1430,"qgis/QGIS","andreabedini","Perth, Australia","(-31.9505269, 115.8604572)",115.8604572,-31.9505269
1432,"qgis/QGIS","jarl-dk","Copenhagen, Denmark","(55.6760968, 12.5683372)",12.5683372,55.6760968
1434,"qgis/QGIS","jtornero","Spain","(40.463667, -3.74922)",-3.74922,40.46366700000001
1435,"qgis/QGIS","liberostelios","Athens, Greece","(37.9838096, 23.7275388)",23.7275388,37.9838096
1436,"qgis/QGIS","simonokeefe","Melbourne, Australia","(-37.8136276, 144.9630576)",144.9630576,-37.8136276
1439,"qgis/QGIS","MatMatt","Copenhagen","(55.6760968, 12.5683372)",12.5683372,55.6760968
1442,"qgis/QGIS","ninsbl","Oslo","(59.9138688, 10.7522454)",10.7522454,59.9138688
1447,"qgis/QGIS","AsgerPetersen","Copenhagen, Denmark","(55.6760968, 12.5683372)",12.5683372,55.6760968
1448,"qgis/QGIS","csandor","Budapest","(47.497912, 19.040235)",19.040235,47.497912
1449,"qgis/QGIS","Zverik","Moscow","(55.755826, 37.6172999)",37.6172999,55.755826
1450,"qgis/QGIS","andreasneumann","Switzerland","(46.818188, 8.227512)",8.227511999999999,46.818188
1451,"qgis/QGIS","medspx","France","(46.227638, 2.213749)",2.213749,46.227638
1453,"qgis/QGIS","3nids","Vevey, Switzerland","(46.4628333, 6.8419192)",6.8419192,46.4628333
1454,"qgis/QGIS","nyalldawson","Melbourne, Australia","(-37.8136276, 144.9630576)",144.9630576,-37.8136276
1455,"qgis/QGIS","haubourg","Grenoble, France","(45.188529, 5.724524)",5.724524,45.188529
1457,"qgis/QGIS","raymondnijssen","Netherlands","(52.132633, 5.291266)",5.291265999999999,52.132633
1458,"qgis/QGIS","alexbruy","Ukraine","(48.379433, 31.1655799)",31.1655799,48.379433
1460,"qgis/QGIS","SrNetoChan","Portugal","(39.399872, -8.224454)",-8.224454,39.39987199999999
1461,"qgis/QGIS","snorfalorpagus","Oxford, United Kingdom","(51.7520209, -1.2577263)",-1.2577263,51.7520209
1464,"qgis/QGIS","ar-jan","The Netherlands","(52.132633, 5.291266)",5.291265999999999,52.132633
1465,"qgis/QGIS","dassau","Düsseldorf, Germany","(51.2277411, 6.7734556)",6.7734556,51.2277411
1466,"qgis/QGIS","carolinux","Zurich","(47.3768866, 8.541694)",8.541694,47.3768866
1467,"qgis/QGIS","ErunamoJAZZ","Colombia","(4.570868, -74.297333)",-74.297333,4.570868
1471,"qgis/QGIS","PedroVenancio","Portugal","(39.399872, -8.224454)",-8.224454,39.39987199999999
1472,"qgis/QGIS","antoniolocandro","Honduras","(15.199999, -86.241905)",-86.241905,15.199999
1473,"qgis/QGIS","jetuk","Lincolnshire, United Kingdom","(52.9451889, -0.1601246)",-0.1601246,52.9451889
1476,"qgis/QGIS","minorua","Okayama, Japan","(34.6551456, 133.9195019)",133.9195019,34.6551456
1477,"qgis/QGIS","RobDeBagel","Melbourne, Australia","(-37.8136276, 144.9630576)",144.9630576,-37.8136276
1478,"qgis/QGIS","marcelosoaressouza","Brasília, DF, Brasil","(-15.7942287, -47.8821658)",-47.8821658,-15.7942287
1479,"qgis/QGIS","Jean-Roc","Arras","(50.291002, 2.777535)",2.777535,50.291002
1480,"qgis/QGIS","misto","Switzerland","(46.818188, 8.227512)",8.227511999999999,46.818188
1483,"qgis/QGIS","borysiasty","Internet","(36.650627, -94.44355)",-94.44355,36.650627
1484,"qgis/QGIS","yellow-sky","Russia, Moscow","(55.755826, 37.6172999)",37.6172999,55.755826
1487,"qgis/QGIS","edigonzales","Solothurn","(47.2088348, 7.532291)",7.532291,47.2088348
1488,"qgis/QGIS","fritsvanveen","Wijster, Netherlands","(52.8157994, 6.5144885)",6.5144885,52.8157994
1489,"qgis/QGIS","thomasdziedzic","San Francisco","(37.7749295, -122.4194155)",-122.4194155,37.7749295
1492,"qgis/QGIS","m-kuhn","Switzerland","(46.818188, 8.227512)",8.227511999999999,46.818188
1494,"qgis/QGIS","dgoedkoop","Germany","(51.165691, 10.451526)",10.451526,51.165691
1498,"qgis/QGIS","eaglevis","Poland","(51.919438, 19.145136)",19.145136,51.919438
1500,"qgis/QGIS","spono","IT","(43.7738992, -79.254181)",-79.254181,43.7738992
1503,"qgis/QGIS","opoplawski","Boulder, CO","(40.0149856, -105.2705456)",-105.2705456,40.0149856
1504,"qgis/QGIS","yoichigmf","Tokyo　Japan","(35.6894875, 139.6917064)",139.6917064,35.6894875
1506,"qgis/QGIS","serialc","Beverley, UK","(53.841963, -0.435093)",-0.435093,53.841963
1511,"qgis/QGIS","tomass","Vilnius, Lithuania","(54.6871555, 25.2796514)",25.2796514,54.6871555
1512,"qgis/QGIS","fnorf","Hamburg","(53.5510846, 9.9936819)",9.9936819,53.5510846
1514,"qgis/QGIS","marioba","Switzerland","(46.818188, 8.227512)",8.227511999999999,46.818188
1515,"qgis/QGIS","Hvitnov","Samsø, Denmark","(55.8146665, 10.5886294)",10.5886294,55.81466649999999
1518,"qgis/QGIS","jcomas","Salt, Girona, Spain","(41.9726971, 2.791944)",2.791944,41.9726971
1520,"qgis/QGIS","SebDieBln","Berlin","(52.5200066, 13.404954)",13.404954,52.52000659999999
1523,"qgis/QGIS","palmerj","Wellington, New Zealand","(-41.2864603, 174.776236)",174.776236,-41.2864603
1529,"qgis/QGIS","luca76","Northern Italy","(45.47332, 9.184624)",9.184624,45.47332
1532,"qgis/QGIS","schmandr","Solothurn","(47.2088348, 7.532291)",7.532291,47.2088348
1533,"qgis/QGIS","gacarrillor","South America","(-8.783195, -55.491477)",-55.491477,-8.783195
1534,"qgis/QGIS","ccrook","New Zealand","(-40.900557, 174.885971)",174.885971,-40.900557
1536,"qgis/QGIS","pkinglinz","Wellington, NZ","(-41.2864603, 174.776236)",174.776236,-41.2864603
1537,"qgis/QGIS","NathanW2","Australia","(-25.274398, 133.775136)",133.775136,-25.274398
1539,"qgis/QGIS","cayetanobv","Seville, Andalusia (Spain)","(37.3890924, -5.9844589)",-5.9844589,37.3890924
1544,"qgis/QGIS","serval2412","France","(46.227638, 2.213749)",2.213749,46.227638
