"","repo","user","nationality"
0,"GRASS-GIS/grass-ci","wenzeslaus",""
1,"GRASS-GIS/grass-ci","petrasovaa","Raleigh, USA"
2,"GRASS-GIS/grass-ci","jachym",""
3,"GRASS-GIS/grass-ci","HuidaeCho","Atlanta, GA"
4,"GRASS-GIS/grass-ci","zarch","italy"
5,"GRASS-GIS/grass-ci","ostepok",""
6,"GRASS-GIS/grass-ci","HamishB",""
7,"GRASS-GIS/grass-ci","neteler",""
8,"GRASS-GIS/grass-ci","YannChemin","JRC, Ispra, Italy"
9,"GRASS-GIS/grass-ci","mlennert",""
10,"GRASS-GIS/grass-ci","landam","Prague, Czech Republic"
11,"GRASS-GIS/grass-ci","lucadelu","San Michele all'Adige (TN -Italy)"
12,"GRASS-GIS/grass-ci","huhabla",""
13,"GRASS-GIS/grass-ci","glynnc",""
14,"GeoNode/geonode","dkastl","Kobe && Munich"
15,"GeoNode/geonode","mikefedak",""
16,"GeoNode/geonode","rmarianski","New York City"
17,"GeoNode/geonode","george-silva","Uberlândia"
18,"GeoNode/geonode","sarasafavi",""
19,"GeoNode/geonode","zunware",""
20,"GeoNode/geonode","collaer","belgium"
21,"GeoNode/geonode","boney-bun",""
22,"GeoNode/geonode","francbartoli","Rome, IT"
23,"GeoNode/geonode","iamsarin",""
24,"GeoNode/geonode","d3netxer","United States"
25,"GeoNode/geonode","smesdaghi","VA, USA"
26,"GeoNode/geonode","GuidoS","Boston, MA"
27,"GeoNode/geonode","tomkralidis","Toronto, Ontario, Canada"
28,"GeoNode/geonode","allyoucanmap",""
29,"GeoNode/geonode","simod","Ispra, Italy"
30,"GeoNode/geonode","mwengren","Silver Spring, MD"
31,"GeoNode/geonode","chrispatterson",""
32,"GeoNode/geonode","BerryDaniel","Austin"
33,"GeoNode/geonode","menegon",""
34,"GeoNode/geonode","ezzine","Cairo, Egypt"
35,"GeoNode/geonode","GistdaDev",""
36,"GeoNode/geonode","Nathan-Wang",""
37,"GeoNode/geonode","machakux","Tanzania"
38,"GeoNode/geonode","waybarrios",""
39,"GeoNode/geonode","jj0hns0n","Oceanside, California"
40,"GeoNode/geonode","tschaub",""
41,"GeoNode/geonode","ricardogsilva",""
42,"GeoNode/geonode","drwelby","Windsor, CO"
43,"GeoNode/geonode","davisc",""
44,"GeoNode/geonode","mweisman","Cascadia"
45,"GeoNode/geonode","MINDoSOFT",""
46,"GeoNode/geonode","gonrial",""
47,"GeoNode/geonode","lucacasagrande","München"
48,"GeoNode/geonode","gsolat",""
49,"GeoNode/geonode","JivanAmara","San Diego"
50,"GeoNode/geonode","nathanhilbert",""
51,"GeoNode/geonode","hishamkaram","Egypt"
52,"GeoNode/geonode","vdeparday",""
53,"GeoNode/geonode","matthewhanson","Dover, NH"
54,"GeoNode/geonode","auvipy","Dhaka, Bangladesh"
55,"GeoNode/geonode","tlpinney","Arlington, VA"
56,"GeoNode/geonode","jonas-veselka",""
57,"GeoNode/geonode","frippe12573","Pisa"
58,"GeoNode/geonode","davicustodio","Brasil"
59,"GeoNode/geonode","emerkle826",""
60,"GeoNode/geonode","glennvorhes",""
61,"GeoNode/geonode","sbsimo",""
62,"GeoNode/geonode","ischneider",""
63,"GeoNode/geonode","milafrerichs","Münster, Germany"
64,"GeoNode/geonode","eomwandho",""
65,"GeoNode/geonode","cityhubla",""
66,"GeoNode/geonode","cristinao",""
67,"GeoNode/geonode","dimitri-justeau",""
68,"GeoNode/geonode","ingenieroariel","Barranquilla, Colombia"
69,"GeoNode/geonode","Gpetrak","Heraklion, Greece "
70,"GeoNode/geonode","harts-boundless",""
71,"GeoNode/geonode","glarrain","Santiago, Chile"
72,"GeoNode/geonode","invalid-email-address",""
73,"GeoNode/geonode","kalxas","Athens, Greece"
74,"GeoNode/geonode","Coop56","Green, Ohio"
75,"GeoNode/geonode","alaw005","New Zealand"
76,"GeoNode/geonode","theduckylittle","Minneapolis, MN, USA"
77,"GeoNode/geonode","al3mon",""
78,"GeoNode/geonode","joebocop","Whitehorse, Yukon, Canada"
79,"GeoNode/geonode","groldan","Rosario, Santa Fe, Argentina"
80,"GeoNode/geonode","Gustry","France, Africa and Asia"
81,"GeoNode/geonode","amirahav",""
82,"GeoNode/geonode","pjdufour","Washington, DC, USA"
83,"GeoNode/geonode","dwilhelm89","Münster"
84,"GeoNode/geonode","code-geek","Kathmandu, Nepal"
85,"GeoNode/geonode","stan4gis",""
86,"GeoNode/geonode","teamgeode",""
87,"GeoNode/geonode","benjwadams","South Kingstown, RI"
88,"GeoNode/geonode","karakostis",""
89,"GeoNode/geonode","davelowe","Argyle, Texas"
90,"GeoNode/geonode","crabtree",""
91,"GeoNode/geonode","mapplus","Seoul, Korea"
92,"GeoNode/geonode","nastasi-oq","Italy"
93,"GeoNode/geonode","capooti","Cambridge US"
94,"GeoNode/geonode","JorgeMartinezG","Barranquilla, Colombia"
95,"GeoNode/geonode","ahmednoureldeen","Cairo, Egypt"
96,"GeoNode/geonode","etj","Rome, Italy"
97,"GeoNode/geonode","lukerees",""
98,"GeoNode/geonode","cristianzamar","Formosa, Argentina"
99,"GeoNode/geonode","assefay",""
100,"GeoNode/geonode","warex03","Manila, Philippines"
101,"GeoNode/geonode","ict4eo","Pretoria, South Africa"
102,"GeoNode/geonode","state-hiu-dev","Washington, DC"
103,"GeoNode/geonode","iwillig","New York City"
104,"GeoNode/geonode","chrismayer",""
105,"GeoNode/geonode","chrisjones-brack3t","Moscow, ID"
106,"GeoNode/geonode","benmccall","St. Louis, MO"
107,"GeoNode/geonode","sebastianlach","Cracow, Poland"
108,"GeoNode/geonode","bartvde","Utrecht, The Netherlands"
109,"GeoNode/geonode","lukeman","Oakland, CA"
110,"GeoNode/geonode","liyingben","beijing"
111,"GeoNode/geonode","artists974","Reunion Island"
112,"GeoNode/geonode","dwins",""
113,"GeoNode/geonode","garnertb","United States"
114,"GeoNode/geonode","mekanix","Europe, Serbia, Vojvodina, Novi Sad"
115,"GeoNode/geonode","mpriour","Kerrville, TX, USA"
116,"GeoNode/geonode","mdiener21","Klagenfurt, Austria"
117,"GeoNode/geonode","mishravikas","Goa, India"
118,"GeoNode/geonode","batje","Maastricht, The Netherlands"
119,"GeoNode/geonode","aaime","Italy"
120,"GeoNode/geonode","jondoig","Sydney Australia"
121,"GeoNode/geonode","uniomni","Jakarta"
122,"GeoNode/geonode","pmdias","Lisbon, Portugal"
123,"GeoNode/geonode","federicogodan","Montevideo, Uruguay"
124,"GeoNode/geonode","cspanring","Somerville, MA"
125,"GeoNode/geonode","nrb","Goshen, IN"
126,"GeoNode/geonode","npmiller","Edinburgh, Scotland"
127,"GeoNode/geonode","firnasnadirman",""
128,"GeoNode/geonode","gdreich","London"
129,"GeoNode/geonode","mbertrand",""
130,"GeoNode/geonode","daniviga","Bergamo | Pavia, Italy"
131,"GeoNode/geonode","paltman","Nashville, TN"
132,"GeoNode/geonode","sbenthall","Brooklyn, NY"
133,"GeoNode/geonode","madi",""
134,"GeoNode/geonode","eg-novelt","Geneva, Switzerland"
135,"GeoNode/geonode","alesarrett",""
136,"GeoNode/geonode","ahocevar","Austria"
137,"GeoNode/geonode","randomorder",""
138,"GeoNode/geonode","cstephen","Fairbanks, Alaska"
139,"GeoNode/geonode","t-book","Leipzig / Germany"
140,"GeoNode/geonode","yuribit",""
141,"GeoNode/geonode","nloira","Santiago, Chile"
142,"GeoNode/geonode","cdbrissac","United States"
143,"GeoNode/geonode","kamalhg",""
144,"GeoNode/geonode","twelch","Portland, OR"
145,"GeoNode/geonode","ismailsunni","Yogyakarta, Indonesia"
146,"GeoNode/geonode","ilpise",""
147,"GeoNode/geonode","senoadiw",""
148,"GeoNode/geonode","luizvital",""
149,"GeoNode/geonode","calvinmetcalf","Boston"
150,"GeoNode/geonode","frewsxcv","New York City"
151,"GeoNode/geonode","jwood106",""
152,"GeoNode/geonode","travislbrundage","Canada"
153,"GeoNode/geonode","Vampouille",""
154,"GeoNode/geonode","jmwenda","Nairobi, Kenya"
155,"GeoNode/geonode","amefad",""
156,"GeoNode/geonode","lucernae","Bandung"
157,"GeoNode/geonode","markiliffe","Leicester, England"
158,"GeoNode/geonode","afabiani",""
159,"GeoNode/geonode","darinacosta","Louisiana"
160,"GeoNode/geonode","b-angerer",""
161,"GeoNode/geonode","gannebamm","germany, höxter"
162,"GeoNode/geonode","gamesbook","South Africa"
163,"GeoNode/geonode","numahell",""
164,"GeoNode/geonode","atrawog","Vienna,Austria"
165,"GeoNode/geonode","giohappy",""
166,"GeoNode/geonode","samperd","Ottawa"
167,"GeoNode/geonode","ndufrane","Belgium"
168,"GeoNode/geonode","brylie","Tampere, Finland"
169,"GeoNode/geonode","cuttlefish","Victoria, BC, Canada"
170,"GeoNode/geonode","GeospatialPython","Bay Saint Louis, MS"
171,"GeoNode/geonode","maurimiranda","Mendoza, Argentina"
172,"GeoNode/geonode","ppasq","Torino"
173,"GeoNode/geonode","hfs",""
174,"GeoNode/geonode","cezio",""
175,"GeoNode/geonode","JJediny","Washington DC"
176,"GeoNode/geonode","jean","Bangkok"
177,"GeoNode/geonode","smellman","Tokyo, Japan"
178,"GeoNode/geonode","oware","Nairobi"
179,"GeoNode/geonode","smathermather","Cleveland, OH"
180,"GeoNode/geonode","ebradbury","Portland, ME"
181,"GeoWebCache/geowebcache","tbarsballe",""
182,"GeoWebCache/geowebcache","jonescc","Australia"
183,"GeoWebCache/geowebcache","n-lagomarsini",""
184,"GeoWebCache/geowebcache","sebastian-r-schmidt",""
185,"GeoWebCache/geowebcache","rmarianski","New York City"
186,"GeoWebCache/geowebcache","bschaepper","Switzerland"
187,"GeoWebCache/geowebcache","emilzse","Sweden"
188,"GeoWebCache/geowebcache","jdeolive",""
189,"GeoWebCache/geowebcache","jodygarnett","Victoria"
190,"GeoWebCache/geowebcache","halset","Stavanger"
191,"GeoWebCache/geowebcache","vickdw","Saint Louis, MO"
192,"GeoWebCache/geowebcache","akashisama","Hobart, Tasmania"
193,"GeoWebCache/geowebcache","smithkm","Victoria, British Columbia"
194,"GeoWebCache/geowebcache","mbarto",""
195,"GeoWebCache/geowebcache","thijsbrentjens","Utrecht, The Netherlands"
196,"GeoWebCache/geowebcache","copierrj",""
197,"GeoWebCache/geowebcache","afabiani",""
198,"GeoWebCache/geowebcache","bmmpxf","Portland, OR"
199,"GeoWebCache/geowebcache","xguaita","Mallorca. Spain"
200,"GeoWebCache/geowebcache","buehner","Bonn, Germany"
201,"GeoWebCache/geowebcache","natalvc","Antwerp, Belgium"
202,"GeoWebCache/geowebcache","groldan","Rosario, Santa Fe, Argentina"
203,"GeoWebCache/geowebcache","ischneider",""
204,"GeoWebCache/geowebcache","dvntucker","Canada"
205,"GeoWebCache/geowebcache","aaime","Italy"
206,"GeoWebCache/geowebcache","ugomos",""
207,"GeoWebCache/geowebcache","bsaxe",""
208,"GeoWebCache/geowebcache","jahhulbert-ccri",""
209,"GeoWebCache/geowebcache","NielsCharlier",""
210,"GeoWebCache/geowebcache","cjmaynar","Maryland"
211,"GeoWebCache/geowebcache","bencaradocdavies","Dunedin, New Zealand"
212,"GeoWebCache/geowebcache","gitter-badger","Safe in the Gitter den"
213,"GeoWebCache/geowebcache","dromagnoli","Viareggio"
214,"GeoWebCache/geowebcache","royvanrijn","Netherlands"
215,"GeoWebCache/geowebcache","cuttlefish","Victoria, BC, Canada"
216,"GeoWebCache/geowebcache","whatnick","Adelaide"
217,"GeoWebCache/geowebcache","ericdahl","Sunnyvale, CA"
218,"GeoWebCache/geowebcache","xlhomme","France"
219,"GeoWebCache/geowebcache","frdeboffles","TUCSON, AZ, USA"
220,"GeoWebCache/geowebcache","nmco","Portugal"
221,"GeoWebCache/geowebcache","fabricebrito","Rome, Italy"
222,"GeoWebCache/geowebcache","robstek",""
223,"GeoWebCache/geowebcache","bradh",""
224,"GeoWebCache/geowebcache","torse",""
225,"GeoWebCache/geowebcache","simboss","Via di Montramito 3, Massarosa, Lucca, Italy"
226,"KDE/marble","tsdgeos","L'Hospitalet de Llobregat, Barcelona"
227,"KDE/marble","thfi",""
228,"KDE/marble","shubhashreedhar","Durgapur, West Bengal"
229,"KDE/marble","rhabacker",""
230,"KDE/marble","Yofel",""
231,"KDE/marble","drehscheibe","Austria"
232,"KDE/marble","krop","France"
233,"KDE/marble","pauser0000001",""
234,"KDE/marble","pgquiles","Alicante (Spain)"
235,"KDE/marble","tackat",""
236,"KDE/marble","Montel",""
237,"KDE/marble","fake666",""
238,"KDE/marble","calincru","Bucharest, Romania"
239,"KDE/marble","JedTheKrampus",""
240,"KDE/marble","tcanabrava","Campinas"
241,"KDE/marble","mayankmadan",""
242,"KDE/marble","raresvis",""
243,"KDE/marble","shouya",""
244,"KDE/marble","flesser",""
245,"KDE/marble","randomguy3",""
246,"KDE/marble","cvandonderen","Nuremberg, Germany"
247,"KDE/marble","shashanksingh","banglore , india"
248,"KDE/marble","glajdy",""
249,"KDE/marble","martenjj","Twickenham, UK"
250,"KDE/marble","filnet",""
251,"KDE/marble","notmart",""
252,"KDE/marble","adriaandegroot","Netherlands"
253,"KDE/marble","ObKo","Novosibirsk, Russia"
254,"KDE/marble","basyskom-torsten-rahn","Nuremberg"
255,"KDE/marble","ImperialLlama","Bucharest, Romania"
256,"KDE/marble","AndreiDuma","Romania"
257,"KDE/marble","thiagomacieira",""
258,"KDE/marble","cgilles",""
259,"KDE/marble","shentok",""
260,"KDE/marble","Chocimier","Polska"
261,"KDE/marble","levex","San Francisco, CA"
262,"KDE/marble","sedwards2009","Netherlands"
263,"KDE/marble","pradeepto","Pune"
264,"KDE/marble","mboquien","Chile"
265,"KDE/marble","bholst","Freiburg im Breisgau (Germany)"
266,"KDE/marble","jpetso","Toronto"
267,"KDE/marble","conet",""
268,"KDE/marble","jlayt","London"
269,"KDE/marble","rdieter",""
270,"KDE/marble","thomasjfox",""
271,"KDE/marble","antlarr","Spain"
272,"KDE/marble","agarciamontoro","Granada, Andalucía, Spain"
273,"KDE/marble","caslav-ilic",""
274,"KDE/marble","sengels",""
275,"KDE/marble","tzapzoor","Bucharest, Romania"
276,"KDE/marble","clau30",""
277,"KDE/marble","jiribohac",""
278,"KDE/marble","MaxBrazhnikov",""
279,"KDE/marble","kbal","Geel, Belgium"
280,"KDE/marble","tropikhajma",""
281,"KDE/marble","torstenrahn-owo",""
282,"KDE/marble","kensington",""
283,"KDE/marble","Sergobot",""
284,"KDE/marble","anabee-emacs",""
285,"KDE/marble","davispuh","Latvia"
286,"KDE/marble","aspotashev","Moscow; Saint-Petersburg"
287,"KDE/marble","JordiPolo","Japan"
288,"KDE/marble","adraghici","London, UK"
289,"KDE/marble","otherjason",""
290,"KDE/marble","siddharthsrivastava",""
291,"KDE/marble","tronical",""
292,"KDE/marble","tittiatcoke",""
293,"KDE/marble","jpwhiting",""
294,"KDE/marble","dfaure",""
295,"KDE/marble","Earthwings","Karlsruhe, Germany"
296,"KDE/marble","cfeck",""
297,"KDE/marble","droftware",""
298,"KDE/marble","JLP","Bohinjska Bistrica, Slovenia"
299,"KDE/marble","yazeedz",""
300,"KDE/marble","utkuaydin","İstanbul, Turkey"
301,"KDE/marble","stefan-a-bauer",""
302,"KDE/marble","nsams","Salzburg, Austria"
303,"KDE/marble","srednax",""
304,"KDE/marble","tucnak",""
305,"KDE/marble","krf","Cologne, Germany"
306,"KDE/marble","Sanjiban","Bangalore, India"
307,"KDE/marble","rku","Radebeul, Germany"
308,"KDE/marble","mats78",""
309,"KDE/marble","aseigo",""
310,"KDE/marble","adamdbrw","Warsaw"
311,"KDE/marble","haraldF","Berlin, Germany"
312,"KDE/marble","lliehu","Tampere, Finland"
313,"KDE/marble","abhgangwar","New Delhi, India"
314,"KDE/marble","simonschmeisser","Freiburg, Germany"
315,"KDE/marble","ripper2256",""
316,"KDE/marble","marekhakala","Europe"
317,"KDE/marble","bhush9","India"
318,"KDE/marble","AnderPijoan","Bilbao"
319,"KDE/marble","cytadela8","Poland"
320,"KDE/marble","olesalscheider",""
321,"KDE/marble","F-Bernkastel",""
322,"KDE/marble","danielmarth","Austria"
323,"KDE/marble","Rakete1111","Karlsruhe, Germany"
324,"KDE/marble","nicolas17","Buenos Aires, Argentina"
325,"KDE/marble","mghansen256","Monheim am Rhein, Germany"
326,"KDE/marble","valbok",""
327,"KDE/marble","CezarMocan","San Francisco, CA"
328,"KDE/marble","NicoK","Berlin"
329,"KDE/marble","StanciuMarius",""
330,"KDE/marble","darkstar","Reutlingen, Germany"
331,"KDE/marble","stikonas","Edinburgh, UK"
332,"KDE/marble","benkaiser","Redmond, WA, USA"
333,"KDE/marble","bettio","Padova, Italy"
334,"KDE/marble","apachelogger",""
335,"KDE/marble","unicodesnow",""
336,"KDE/marble","JIghtuse","Novosibirsk"
337,"KDE/marble","AndrewColes",""
338,"KDE/marble","wiedi","Berlin"
339,"KDE/marble","OliverHaag",""
340,"KDE/marble","pgabor",""
341,"KDE/marble","uwolfer","Zurich, Switzerland"
342,"KDE/marble","dcambie","The Netherlands"
343,"KDE/marble","KdeOs",""
344,"KDE/marble","koldavid","Debrecen, Hungary"
345,"KDE/marble","milliams","UK"
346,"KDE/marble","shivshnkr","Bangalore"
347,"KDE/marble","jriddell","Edinburgh, Scotland"
348,"KDE/marble","tosky",""
349,"KDE/marble","ana","Lyon, France"
350,"KDE/marble","mansona","Wicklow, Ireland"
351,"KDE/marble","cordlandwehr","Paderborn, Germany"
352,"KDE/marble","chehrlic",""
353,"KDE/marble","amarveer",""
354,"KDE/marble","Woebbeking",""
355,"KDE/marble","kossebau",""
356,"KDE/marble","psilvia",""
357,"KDE/marble","mnafees","Waterloo, ON"
358,"KDE/marble","RockFordgt",""
359,"KDE/marble","itatriev",""
360,"KDE/marble","ewoerner",""
361,"KDE/marble","mzanetti",""
362,"KDE/marble","smarter","Lausanne, Switzerland"
363,"KDE/marble","TimLanzi",""
364,"KDE/marble","coolo","Germany"
365,"KDE/marble","ingwal",""
366,"KDE/marble","fschwarzer",""
367,"KDE/marble","llunak",""
368,"KDE/marble","gladhorn","Norway"
369,"KDE/marble","sutirthaghosh","India"
370,"KDE/marble","tokoe",""
371,"KDE/marble","amalvarenga",""
372,"KDE/marble","rakuco","Amsterdam, Netherlands"
373,"KDE/marble","winterz","North Carolina, USA"
374,"KDE/marble","stassats","Earth"
375,"KDE/marble","auva",""
376,"KDE/marble","neundorf",""
377,"KDE/marble","bbigras",""
378,"KDE/marble","Mc-Pain",""
379,"KDE/marble","robertknight","London, United Kingdom"
380,"KDE/marble","Chaitanya-git",""
381,"KDE/marble","EgorMatirov","Izhevsk"
382,"KDE/marble","RangerRick",""
383,"KDE/marble","yurchor",""
384,"KDE/marble","timlinux","SA"
385,"OSGeo/gdal","ccondit","United States"
386,"OSGeo/gdal","jrahkonen",""
387,"OSGeo/gdal","syperk",""
388,"OSGeo/gdal","dreamil","Bangalore"
389,"OSGeo/gdal","ajolma","Helsinki"
390,"OSGeo/gdal","winkey",""
391,"OSGeo/gdal","pka","Zürich, Switzerland"
392,"OSGeo/gdal","schwehr","San Francisco Bay Area"
393,"OSGeo/gdal","chaitanyach",""
394,"OSGeo/gdal","rcoup","Edinburgh, Scotland"
395,"OSGeo/gdal","morattos",""
396,"OSGeo/gdal","lucianpls",""
397,"OSGeo/gdal","strezen",""
398,"OSGeo/gdal","jgallagher59701","Butte, MT"
399,"OSGeo/gdal","raygardener",""
400,"OSGeo/gdal","ksshannon","Boise, ID"
401,"OSGeo/gdal","jef-n","Northern Germany"
402,"OSGeo/gdal","vmora","Biviers"
403,"OSGeo/gdal","noumayoss",""
404,"OSGeo/gdal","hobu","Iowa City, IA"
405,"OSGeo/gdal","etiennesky","Barcelona"
406,"OSGeo/gdal","juliensam",""
407,"OSGeo/gdal","atlight","Melbourne"
408,"OSGeo/gdal","dmorissette","Chicoutimi, QC, Canada"
409,"OSGeo/gdal","rouault","France"
410,"OSGeo/gdal","landam","Prague, Czech Republic"
411,"OSGeo/gdal","embeepea","NYC"
412,"OSGeo/gdal","szekerest",""
413,"OSGeo/gdal","klokan","Switzerland"
414,"OSGeo/gdal","warmerdam","San Francisco"
415,"OSGeo/gdal","pramsey","Victoria, BC, Canada"
416,"OSGeo/gdal","dwadler","Woodstock, NY USA"
417,"OSGeo/gdal","avalentino","Matera (MT), Italy"
418,"OSGeo/gdal","cfis","Denver"
419,"OSGeo/gdal","blazek","Prague"
420,"OSGeo/gdal","mloskot","Wrocław, PL | London, UK"
421,"OSGeo/geos","warmerdam","San Francisco"
422,"OSGeo/geos","pramsey","Victoria, BC, Canada"
423,"OSGeo/geos","szekerest",""
424,"OSGeo/geos","hobu","Iowa City, IA"
425,"OSGeo/geos","dr-jts",""
426,"OSGeo/geos","robe2","Boston"
427,"OSGeo/geos","strk",""
428,"OSGeo/geos","grizonnetm","Toulouse"
429,"OSGeo/geos","dbaston","Vermont"
430,"OSGeo/geos","nhv",""
431,"OSGeo/geos","Dushistov",""
432,"OSGeo/geos","schwehr","San Francisco Bay Area"
433,"OSGeo/geos","cvvergara",""
434,"OSGeo/geos","cfis","Denver"
435,"OSGeo/geos","mloskot","Wrocław, PL | London, UK"
436,"OSGeo/geos","swongu",""
437,"OSGeo/proj.4","ndavid","Saint-Mandé"
438,"OSGeo/proj.4","dusanjovic",""
439,"OSGeo/proj.4","cffk",""
440,"OSGeo/proj.4","busstoptaktik","Copenhagen, Denmark (55N 12E)"
441,"OSGeo/proj.4","mraspaud","Norrköping, Sweden"
442,"OSGeo/proj.4","beuan","Redlands, California"
443,"OSGeo/proj.4","kbevers","Copenhagen, Denmark"
444,"OSGeo/proj.4","mbull2016",""
445,"OSGeo/proj.4","seanm",""
446,"OSGeo/proj.4","zsiki","Budapest, Hungary"
447,"OSGeo/proj.4","strezen",""
448,"OSGeo/proj.4","volvo850fahre",""
449,"OSGeo/proj.4","tfili","Exton, PA"
450,"OSGeo/proj.4","edechaux",""
451,"OSGeo/proj.4","ioshchepkov","Moscow"
452,"OSGeo/proj.4","glynnc",""
453,"OSGeo/proj.4","moovida","Bolzano"
454,"OSGeo/proj.4","sebastic",""
455,"OSGeo/proj.4","hobu","Iowa City, IA"
456,"OSGeo/proj.4","turepalsson",""
457,"OSGeo/proj.4","dmorissette","Chicoutimi, QC, Canada"
458,"OSGeo/proj.4","jswhit",""
459,"OSGeo/proj.4","rouault","France"
460,"OSGeo/proj.4","bartoli",""
461,"OSGeo/proj.4","drhaynes","UK"
462,"OSGeo/proj.4","sisyphus",""
463,"OSGeo/proj.4","maximchurilin",""
464,"OSGeo/proj.4","warmerdam","San Francisco"
465,"OSGeo/proj.4","luqqe","Poland"
466,"OSGeo/proj.4","QuLogic",""
467,"OSGeo/proj.4","mwtoews","Wellington, New Zealand"
468,"OSGeo/proj.4","lukecampbell","South Kingstown, RI"
469,"OSGeo/proj.4","YannChemin","JRC, Ispra, Italy"
470,"OSGeo/proj.4","aaronpuchert","Jena, Germany"
471,"OSGeo/proj.4","micahcochran","Athens, Alabama, USA"
472,"OSGeo/proj.4","awulkiew","Poland"
473,"OSGeo/proj.4","mloskot","Wrocław, PL | London, UK"
474,"OSGeo/proj.4","PositiveArrow",""
475,"deegree/deegree3","sthomas12345",""
476,"deegree/deegree3","aerben","Köln"
477,"deegree/deegree3","stephanr",""
478,"deegree/deegree3","deegree-ci",""
479,"deegree/deegree3","copierrj",""
480,"deegree/deegree3","fbin",""
481,"deegree/deegree3","dstenger",""
482,"deegree/deegree3","rippolz",""
483,"deegree/deegree3","hwbllmnn","Windeck, Germany"
484,"deegree/deegree3","versusvoid","Krasnodar"
485,"deegree/deegree3","matsisak",""
486,"deegree/deegree3","vog",""
487,"deegree/deegree3","jarped","Norway"
488,"deegree/deegree3","paul999","Utrecht, Netherlands"
489,"deegree/deegree3","lgoltz",""
490,"deegree/deegree3","tfr42","Cologne, Germany"
491,"deegree/deegree3","MrSnyder","Bonn"
492,"deegree/deegree3","awst-baum",""
493,"deegree/deegree3","wanhoff","Germany"
494,"deegree/deegree3","wilden","Bonn, Germany"
495,"deegree/deegree3","diegomigliavacca",""
496,"geomajas/geomajas-project-client-gwt2","joachimvda","Booischot, Belgium"
497,"geomajas/geomajas-project-client-gwt2","olivermay","Ghent, Belgium"
498,"geomajas/geomajas-project-client-gwt2","redlab","Gent, Belgium"
499,"geomajas/geomajas-project-client-gwt2","dosi-bingov",""
500,"geomajas/geomajas-project-client-gwt2","maesfran",""
501,"geomajas/geomajas-project-client-gwt2","pieterdg","Gent"
502,"geomajas/geomajas-project-client-gwt2","janvenstermans",""
503,"geomajas/geomajas-project-client-gwt2","anbuyle",""
504,"geomajas/geomajas-project-client-gwt2","hkristof","Gent"
505,"geomajas/geomajas-project-client-gwt2","jandm",""
506,"geomajas/geomajas-project-server","joachimvda","Booischot, Belgium"
507,"geomajas/geomajas-project-server","olivermay","Ghent, Belgium"
508,"geomajas/geomajas-project-server","dosi-bingov",""
509,"geomajas/geomajas-project-server","maesfran",""
510,"geomajas/geomajas-project-server","redlab","Gent, Belgium"
511,"geomajas/geomajas-project-server","janvenstermans",""
512,"geomajas/geomajas-project-server","anbuyle",""
513,"geomajas/geomajas-project-server","pieterdg","Gent"
514,"geomajas/geomajas-project-server","jart",""
515,"geomajas/geomajas-project-server","hkristof","Gent"
516,"geomajas/geomajas-project-server","jandm",""
517,"geonetwork/core-geonetwork","heikkidoeleman","Nice, France"
518,"geonetwork/core-geonetwork","jonescc","Australia"
519,"geonetwork/core-geonetwork","austinkeeley","Fairfax, VA"
520,"geonetwork/core-geonetwork","ianwallen",""
521,"geonetwork/core-geonetwork","sppigot",""
522,"geonetwork/core-geonetwork","josegar74",""
523,"geonetwork/core-geonetwork","PascalLike","Netherlands"
524,"geonetwork/core-geonetwork","kolesar-andras","Hungary"
525,"geonetwork/core-geonetwork","luizvital",""
526,"geonetwork/core-geonetwork","matthias-mueller","Dresden, Germany"
527,"geonetwork/core-geonetwork","oscarfonts","Barcelona"
528,"geonetwork/core-geonetwork","doublebyte1","Italy"
529,"geonetwork/core-geonetwork","MichelGabriel","Bennekom"
530,"geonetwork/core-geonetwork","offtherailz","Viareggio (LU)"
531,"geonetwork/core-geonetwork","stormtek","Dunedin, New Zealand"
532,"geonetwork/core-geonetwork","Vampouille",""
533,"geonetwork/core-geonetwork","fgravin","Chambéry"
534,"geonetwork/core-geonetwork","IvanSanchez",""
535,"geonetwork/core-geonetwork","luisromangz","Seville, Spain"
536,"geonetwork/core-geonetwork","ekkelenkamp",""
537,"geonetwork/core-geonetwork","tchaddad","Portland, OR"
538,"geonetwork/core-geonetwork","grootstebozewolf",""
539,"geonetwork/core-geonetwork","alejogagliardi",""
540,"geonetwork/core-geonetwork","Delawen","Seville"
541,"geonetwork/core-geonetwork","pgiraud","Chambéry"
542,"geonetwork/core-geonetwork","alediator","Sevilla, Spain"
543,"geonetwork/core-geonetwork","davinciagf",""
544,"geonetwork/core-geonetwork","Damianofds","Italy"
545,"geonetwork/core-geonetwork","pvalsecc","Switzerland"
546,"geonetwork/core-geonetwork","brett-walker","Hobart, Tasmania"
547,"geonetwork/core-geonetwork","mcpgovernance",""
548,"geonetwork/core-geonetwork","ianturton","UK"
549,"geonetwork/core-geonetwork","pvgenuchten","Wageningen"
550,"geonetwork/core-geonetwork","Cicuta33","Apeldoorn"
551,"geonetwork/core-geonetwork","kkoistinen",""
552,"geonetwork/core-geonetwork","tonio","Chambéry, France"
553,"geonetwork/core-geonetwork","juanluisrp","Sevilla"
554,"geonetwork/core-geonetwork","mlefort","Toulouse"
555,"geonetwork/core-geonetwork","etj","Rome, Italy"
556,"geonetwork/core-geonetwork","gollogly",""
557,"geonetwork/core-geonetwork","taffoureau",""
558,"geonetwork/core-geonetwork","jeanpommier","France"
559,"geonetwork/core-geonetwork","mcoudert","Toulouse"
560,"geonetwork/core-geonetwork","pmauduit","Chambéry, France"
561,"geonetwork/core-geonetwork","landryb","Auvergne"
562,"geonetwork/core-geonetwork","jahow","Chambéry, France"
563,"geonetwork/core-geonetwork","archaeogeek","UK"
564,"geonetwork/core-geonetwork","riniangreani",""
565,"geonetwork/core-geonetwork","mlechner",""
566,"geonetwork/core-geonetwork","cmangeat",""
567,"geonetwork/core-geonetwork","minhd",""
568,"geonetwork/core-geonetwork","g2timo",""
569,"geonetwork/core-geonetwork","bnordgren",""
570,"geonetwork/core-geonetwork","ticheler","Bennekom, The Netherlands"
571,"geonetwork/core-geonetwork","gmlewis","Mountain View, CA"
572,"geonetwork/core-geonetwork","arnaud-morvan","Chambéry"
573,"geonetwork/core-geonetwork","bmaire",""
574,"geonetwork/core-geonetwork","yblatti",""
575,"geonetwork/core-geonetwork","fxprunayre",""
576,"geopython/pycsw","jfdickens","Stennis Space Center"
577,"geopython/pycsw","sarametz","Auckland, New Zealand"
578,"geopython/pycsw","jachym",""
579,"geopython/pycsw","jiwalker-usgs","Middleton, WI"
580,"geopython/pycsw","kwilcox","Rhode Island"
581,"geopython/pycsw","rcoup","Edinburgh, Scotland"
582,"geopython/pycsw","ahinz","Boston"
583,"geopython/pycsw","bukun","Changchun, China"
584,"geopython/pycsw","tomkralidis","Toronto, Ontario, Canada"
585,"geopython/pycsw","simod","Ispra, Italy"
586,"geopython/pycsw","kalxas","Athens, Greece"
587,"geopython/pycsw","sriranganathan","Tiruchirappalli"
588,"geopython/pycsw","ingenieroariel","Barranquilla, Colombia"
589,"geopython/pycsw","menegon",""
590,"geopython/pycsw","milokmet","Banská Bystrica, Slovakia"
591,"geopython/pycsw","volter",""
592,"geopython/pycsw","sebastic",""
593,"geopython/pycsw","ricardogsilva",""
594,"geopython/pycsw","drwelby","Windsor, CO"
595,"geopython/pycsw","AxxL","Germany"
596,"geopython/pycsw","amercader","Newcastle upon Tyne, UK | The Internet"
597,"geopython/pycsw","gsaaportal",""
598,"geopython/pycsw","warmerdam","San Francisco"
599,"geopython/pycsw","kindly",""
600,"geopython/pycsw","minhd",""
601,"geopython/pycsw","rouault","France"
602,"geopython/pycsw","ocefpaf","Florianópolis, SC"
603,"geoserver/geoserver","tbarsballe",""
604,"geoserver/geoserver","mwerlen","France"
605,"geoserver/geoserver","marcjansen","Bonn, Germany"
606,"geoserver/geoserver","rmarianski","New York City"
607,"geoserver/geoserver","marks60",""
608,"geoserver/geoserver","dispiste",""
609,"geoserver/geoserver","lindsejs","Riga, Latvia"
610,"geoserver/geoserver","PascalLike","Netherlands"
611,"geoserver/geoserver","blanchg",""
612,"geoserver/geoserver","ivanfmartinez","São Paulo, SP, Brazil"
613,"geoserver/geoserver","markusin","Bozen"
614,"geoserver/geoserver","smithkm","Victoria, British Columbia"
615,"geoserver/geoserver","smesdaghi","VA, USA"
616,"geoserver/geoserver","jjwtay",""
617,"geoserver/geoserver","timvdb",""
618,"geoserver/geoserver","mbertrand",""
619,"geoserver/geoserver","kevloral",""
620,"geoserver/geoserver","chau-intl",""
621,"geoserver/geoserver","bgsmase",""
622,"geoserver/geoserver","tkardi",""
623,"geoserver/geoserver","maddenp",""
624,"geoserver/geoserver","jmarin","Washington DC"
625,"geoserver/geoserver","g3o",""
626,"geoserver/geoserver","tschaub",""
627,"geoserver/geoserver","ianturton","UK"
628,"geoserver/geoserver","chpicone",""
629,"geoserver/geoserver","fgdrf","Hamburg, Germany"
630,"geoserver/geoserver","pvalsecc","Switzerland"
631,"geoserver/geoserver","rduivenvoorde",""
632,"geoserver/geoserver","davisc",""
633,"geoserver/geoserver","bencaradocdavies","Dunedin, New Zealand"
634,"geoserver/geoserver","mweisman","Cascadia"
635,"geoserver/geoserver","riverstream",""
636,"geoserver/geoserver","riniangreani",""
637,"geoserver/geoserver","nmco","Portugal"
638,"geoserver/geoserver","shane-axiom","Portland, OR"
639,"geoserver/geoserver","PaulBiskup","Stuttgart (Germany)"
640,"geoserver/geoserver","victortey",""
641,"geoserver/geoserver","mm64z",""
642,"geoserver/geoserver","emerkle826",""
643,"geoserver/geoserver","mantesat",""
644,"geoserver/geoserver","fvanderbiest","Chambéry, France"
645,"geoserver/geoserver","josegar74",""
646,"geoserver/geoserver","ischneider",""
647,"geoserver/geoserver","iant1212","Lancaster, PA USA"
648,"geoserver/geoserver","dmkelsey",""
649,"geoserver/geoserver","johngschulz","Saint Louis, MO, United States"
650,"geoserver/geoserver","vickdw","Saint Louis, MO"
651,"geoserver/geoserver","rcoup","Edinburgh, Scotland"
652,"geoserver/geoserver","johanvdw",""
653,"geoserver/geoserver","jandm",""
654,"geoserver/geoserver","am2222","Iran"
655,"geoserver/geoserver","steenhulthin","Copenhagen, Denmark"
656,"geoserver/geoserver","sebastian-r-schmidt",""
657,"geoserver/geoserver","mcrmcr",""
658,"geoserver/geoserver","kalxas","Athens, Greece"
659,"geoserver/geoserver","dpovey",""
660,"geoserver/geoserver","jericks",""
661,"geoserver/geoserver","mfilocha","Warsaw, Poland"
662,"geoserver/geoserver","groldan","Rosario, Santa Fe, Argentina"
663,"geoserver/geoserver","ccancellieri","Rome"
664,"geoserver/geoserver","ahocevar","Austria"
665,"geoserver/geoserver","jonescc","Australia"
666,"geoserver/geoserver","xandros6","Italy"
667,"geoserver/geoserver","jia020","Sydney "
668,"geoserver/geoserver","walkermatt","UK"
669,"geoserver/geoserver","ahuarte47","Pamplona/Iruña - Navarra"
670,"geoserver/geoserver","jahhulbert-ccri",""
671,"geoserver/geoserver","WillieMaddox","United States"
672,"geoserver/geoserver","NielsCharlier",""
673,"geoserver/geoserver","jnh5y",""
674,"geoserver/geoserver","volaya",""
675,"geoserver/geoserver","server5056",""
676,"geoserver/geoserver","braeckel","Boulder, CO"
677,"geoserver/geoserver","SimonSchafer",""
678,"geoserver/geoserver","edyskant",""
679,"geoserver/geoserver","milovanderlinden","Vught, The Netherlands"
680,"geoserver/geoserver","ilkkarinne",""
681,"geoserver/geoserver","1tylermitchell","Penticton, BC, Canada"
682,"geoserver/geoserver","eliotjordan",""
683,"geoserver/geoserver","guychisholm",""
684,"geoserver/geoserver","goudine","Victoria, BC"
685,"geoserver/geoserver","tingold","Maryland, US"
686,"geoserver/geoserver","jodygarnett","Victoria"
687,"geoserver/geoserver","guischulz",""
688,"geoserver/geoserver","mtCarto","Victoria, B.C."
689,"geoserver/geoserver","sampov2","Helsinki, Finland"
690,"geoserver/geoserver","etj","Rome, Italy"
691,"geoserver/geoserver","gberaudo","Switzerland"
692,"geoserver/geoserver","simboss","Via di Montramito 3, Massarosa, Lucca, Italy"
693,"geoserver/geoserver","dr-jts",""
694,"geoserver/geoserver","n-lagomarsini",""
695,"geoserver/geoserver","parkerabercrombie",""
696,"geoserver/geoserver","jdgarrett",""
697,"geoserver/geoserver","sikeoka",""
698,"geoserver/geoserver","robward-scisys",""
699,"geoserver/geoserver","lavoiej",""
700,"geoserver/geoserver","RyleySill93",""
701,"geoserver/geoserver","Damianofds","Italy"
702,"geoserver/geoserver","jdries","Belgium"
703,"geoserver/geoserver","dwins",""
704,"geoserver/geoserver","rfecher",""
705,"geoserver/geoserver","garnertb","United States"
706,"geoserver/geoserver","qscripter","Washington DC"
707,"geoserver/geoserver","jrbeckwith","St Louis, MO"
708,"geoserver/geoserver","bmmpxf","Portland, OR"
709,"geoserver/geoserver","tkunicki",""
710,"geoserver/geoserver","Gnafu","Italy"
711,"geoserver/geoserver","leighghunt","Whitby, Porirua, Wellington"
712,"geoserver/geoserver","gisjedi",""
713,"geoserver/geoserver","dvntucker","Canada"
714,"geoserver/geoserver","aaime","Italy"
715,"geoserver/geoserver","ericdahl","Sunnyvale, CA"
716,"geoserver/geoserver","nofatclips",""
717,"geoserver/geoserver","eduardogspereira","Brazil"
718,"geoserver/geoserver","jsanz","Valencia, Spain"
719,"geoserver/geoserver","juhahyva","Oulu, Finland"
720,"geoserver/geoserver","DenisCarriere","Ottawa, ON Canada"
721,"geoserver/geoserver","martin-sucha",""
722,"geoserver/geoserver","cgore","Saint Charles, Missouri, USA"
723,"geoserver/geoserver","dromagnoli","Viareggio"
724,"geoserver/geoserver","omarkljung","Stockholm"
725,"geoserver/geoserver","dakcarto","Black Hills, South Dakota"
726,"geoserver/geoserver","landryb","Auvergne"
727,"geoserver/geoserver","MauroIT",""
728,"geoserver/geoserver","mprins","Earth (mostly)"
729,"geoserver/geoserver","hanchao","Beijing China"
730,"geoserver/geoserver","mlechner",""
731,"geoserver/geoserver","cmangeat",""
732,"geoserver/geoserver","jmiller-boundless","United States"
733,"geoserver/geoserver","sweco-sebhar",""
734,"geoserver/geoserver","chrismayer",""
735,"geoserver/geoserver","spike83","Switzerland"
736,"geoserver/geoserver","torse",""
737,"geoserver/geoserver","alex3305","Tilburg, Netherlands"
738,"geoserver/geoserver","randomorder",""
739,"geoserver/geoserver","Martin-Wegner",""
740,"geoserver/geoserver","mike-es","San Diego, CA"
741,"geoserver/geoserver","svzdvd","Dublin (Ireland)"
742,"geoserver/geoserver","jairds",""
743,"geoserver/geoserver","nitram509","GERMANY"
744,"geoserver/geoserver","totomz","Roma, Italy"
745,"geoserver/geoserver","jonathan-wcc",""
746,"geoserver/geoserver","tvernum","Sydney, Australia"
747,"geoserver/geoserver","nmandery","Munich, Germany"
748,"geoserver/geoserver","geojs","France"
749,"geoserver/geoserver","jdeolive",""
750,"geoserver/geoserver","mbarto",""
751,"geoserver/geoserver","travislbrundage","Canada"
752,"geoserver/geoserver","awaterme",""
753,"geoserver/geoserver","moesol","San Diego"
754,"geoserver/geoserver","etiennethomassen","Hunsel, Nederland"
755,"geoserver/geoserver","srstclair","portland, or"
756,"geoserver/geoserver","afabiani",""
757,"geoserver/geoserver","DBlasby",""
758,"geoserver/geoserver","GeoffWilliams","Sydney, Australia"
759,"geoserver/geoserver","weskamm","Bonn, Germany"
760,"geoserver/geoserver","GUI",""
761,"geoserver/geoserver","cippino","Rome"
762,"geoserver/geoserver","hennr","Berlin, Germany"
763,"geoserver/geoserver","suhaibtamimi","Montreal, QC, Canada"
764,"geoserver/geoserver","Vampouille",""
765,"geoserver/geoserver","kolosov-sergey","Russia"
766,"geoserver/geoserver","richardf",""
767,"geoserver/geoserver","emacgillavry","Utrecht, the Netherlands"
768,"geoserver/geoserver","mpazos",""
769,"geoserver/geoserver","cuttlefish","Victoria, BC, Canada"
770,"geoserver/geoserver","ugomos",""
771,"geoserver/geoserver","jnewmoyer","United States"
772,"geoserver/geoserver","dalbani",""
773,"geoserver/geoserver","ridethepenguin","Reggio Emilia"
774,"geoserver/geoserver","bradh",""
775,"geotools/geotools","tbarsballe",""
776,"geotools/geotools","marcjansen","Bonn, Germany"
777,"geotools/geotools","leif81","Kingston, Ontario, Canada"
778,"geotools/geotools","hwbllmnn","Windeck, Germany"
779,"geotools/geotools","don-vip","Toulouse, France"
780,"geotools/geotools","maka-io",""
781,"geotools/geotools","smithkm","Victoria, British Columbia"
782,"geotools/geotools","guidograzioli","London,UK"
783,"geotools/geotools","apc3n",""
784,"geotools/geotools","wulfsberg","Copenhagen, Denmark"
785,"geotools/geotools","chau-intl",""
786,"geotools/geotools","shane-axiom","Portland, OR"
787,"geotools/geotools","moovida","Bolzano"
788,"geotools/geotools","iwillig","New York City"
789,"geotools/geotools","g3o",""
790,"geotools/geotools","sgraca","Gliwice"
791,"geotools/geotools","sjudeng",""
792,"geotools/geotools","tschaub",""
793,"geotools/geotools","mukoki",""
794,"geotools/geotools","ianturton","UK"
795,"geotools/geotools","fgdrf","Hamburg, Germany"
796,"geotools/geotools","pvalsecc","Switzerland"
797,"geotools/geotools","elahrvivaz",""
798,"geotools/geotools","bencaradocdavies","Dunedin, New Zealand"
799,"geotools/geotools","cffk",""
800,"geotools/geotools","lossyrob","Philadelphia, PA"
801,"geotools/geotools","mucer",""
802,"geotools/geotools","julian1",""
803,"geotools/geotools","williamvoor",""
804,"geotools/geotools","astinn02","Sausalito"
805,"geotools/geotools","riniangreani",""
806,"geotools/geotools","nmco","Portugal"
807,"geotools/geotools","cheetah90",""
808,"geotools/geotools","DieterDePaepe","Belgium"
809,"geotools/geotools","SimonSchafer",""
810,"geotools/geotools","tomasma5","Prague"
811,"geotools/geotools","emerkle826",""
812,"geotools/geotools","alexandreDavid","Lyon"
813,"geotools/geotools","mantesat",""
814,"geotools/geotools","mbedward","Sydney, Australia"
815,"geotools/geotools","gsrhodes",""
816,"geotools/geotools","ischneider",""
817,"geotools/geotools","basisbit",""
818,"geotools/geotools","johngschulz","Saint Louis, MO, United States"
819,"geotools/geotools","rhayes-cida","Middleton, WI"
820,"geotools/geotools","vickdw","Saint Louis, MO"
821,"geotools/geotools","jandm",""
822,"geotools/geotools","mcrmcr",""
823,"geotools/geotools","abobov","Tyumen, Russia"
824,"geotools/geotools","initjsk",""
825,"geotools/geotools","dpovey",""
826,"geotools/geotools","jericks",""
827,"geotools/geotools","boundlessgeo-yancy",""
828,"geotools/geotools","claudiobogossian",""
829,"geotools/geotools","mfilocha","Warsaw, Poland"
830,"geotools/geotools","groldan","Rosario, Santa Fe, Argentina"
831,"geotools/geotools","NielsCharlier",""
832,"geotools/geotools","ahocevar","Austria"
833,"geotools/geotools","felixonmars","Wuhan, Hubei, China"
834,"geotools/geotools","mprins","Earth (mostly)"
835,"geotools/geotools","ahuarte47","Pamplona/Iruña - Navarra"
836,"geotools/geotools","jahhulbert-ccri",""
837,"geotools/geotools","PissedCapslock","Belgium"
838,"geotools/geotools","ccancellieri","Rome"
839,"geotools/geotools","jnh5y",""
840,"geotools/geotools","volaya",""
841,"geotools/geotools","braeckel","Boulder, CO"
842,"geotools/geotools","robward-scisys",""
843,"geotools/geotools","gregsymons","Austin, TX"
844,"geotools/geotools","1tylermitchell","Penticton, BC, Canada"
845,"geotools/geotools","pmauduit","Chambéry, France"
846,"geotools/geotools","cne1x","Charlottesville, VA"
847,"geotools/geotools","pborissow",""
848,"geotools/geotools","mfarwell",""
849,"geotools/geotools","aaryno",""
850,"geotools/geotools","jodygarnett","Victoria"
851,"geotools/geotools","nicolaiparlog","Germany"
852,"geotools/geotools","guymers","Australia"
853,"geotools/geotools","newmanw","Denver, CO"
854,"geotools/geotools","mtCarto","Victoria, B.C."
855,"geotools/geotools","sampov2","Helsinki, Finland"
856,"geotools/geotools","etj","Rome, Italy"
857,"geotools/geotools","brunodoamaral","Rio de Janeiro, Brazil"
858,"geotools/geotools","simboss","Via di Montramito 3, Massarosa, Lucca, Italy"
859,"geotools/geotools","dr-jts",""
860,"geotools/geotools","n-lagomarsini",""
861,"geotools/geotools","wumpz","Germany"
862,"geotools/geotools","wjvaandrager",""
863,"geotools/geotools","sikeoka",""
864,"geotools/geotools","sosimple","Lisbon"
865,"geotools/geotools","markles","Sydney Australia"
866,"geotools/geotools","janvenstermans",""
867,"geotools/geotools","CozC","Bucharest, Romania"
868,"geotools/geotools","Damianofds","Italy"
869,"geotools/geotools","jdries","Belgium"
870,"geotools/geotools","dwins",""
871,"geotools/geotools","omarkljung","Stockholm"
872,"geotools/geotools","r0bb3n",""
873,"geotools/geotools","jrbeckwith","St Louis, MO"
874,"geotools/geotools","tkunicki",""
875,"geotools/geotools","davidmoten","Canberra, Australia"
876,"geotools/geotools","Gnafu","Italy"
877,"geotools/geotools","matchami",""
878,"geotools/geotools","peterbackx",""
879,"geotools/geotools","chaosmail","Vienna, Austria"
880,"geotools/geotools","bestrauss","Florianópolis, Brasil"
881,"geotools/geotools","dvntucker","Canada"
882,"geotools/geotools","aaime","Italy"
883,"geotools/geotools","Dortund","Nederland"
884,"geotools/geotools","lmoran","Melbourne, Australia"
885,"geotools/geotools","martin-sucha",""
886,"geotools/geotools","eduardomps","São José dos Campos"
887,"geotools/geotools","dromagnoli","Viareggio"
888,"geotools/geotools","mbertrand",""
889,"geotools/geotools","wmstoval","Atlanta, Georgia"
890,"geotools/geotools","warmerdam","San Francisco"
891,"geotools/geotools","jkburges","Hobart"
892,"geotools/geotools","mikeandreev",""
893,"geotools/geotools","dwadler","Woodstock, NY USA"
894,"geotools/geotools","marpet","Geesthacht"
895,"geotools/geotools","hgryoo","Busan, South Korea"
896,"geotools/geotools","sweco-sebhar",""
897,"geotools/geotools","shortycake",""
898,"geotools/geotools","fxprunayre",""
899,"geotools/geotools","tingold","Maryland, US"
900,"geotools/geotools","svzdvd","Dublin (Ireland)"
901,"geotools/geotools","alerada",""
902,"geotools/geotools","oscarfonts","Barcelona"
903,"geotools/geotools","jdeolive",""
904,"geotools/geotools","Hotel26",""
905,"geotools/geotools","sheldonabrown",""
906,"geotools/geotools","TDesjardins",""
907,"geotools/geotools","mbarto",""
908,"geotools/geotools","travislbrundage","Canada"
909,"geotools/geotools","awaterme",""
910,"geotools/geotools","srstclair","portland, or"
911,"geotools/geotools","rouault","France"
912,"geotools/geotools","GeoffWilliams","Sydney, Australia"
913,"geotools/geotools","bernardladenthin","Berlin, Germany"
914,"geotools/geotools","fergonco",""
915,"geotools/geotools","Vampouille",""
916,"geotools/geotools","nprigour",""
917,"geotools/geotools","brett-walker","Hobart, Tasmania"
918,"geotools/geotools","HendrikPeilke","Germany"
919,"geotools/geotools","ndufrane","Belgium"
920,"geotools/geotools","mpazos",""
921,"geotools/geotools","mtoonen",""
922,"geotools/geotools","dewthefifth",""
923,"geotools/geotools","ath0mas",""
924,"geotools/geotools","ugomos",""
925,"geotools/geotools","bkiselka","Mödling"
926,"geotools/geotools","fgravin","Chambéry"
927,"geotools/geotools","awoestmann",""
928,"geotools/geotools","dalbani",""
929,"geotools/geotools","ridethepenguin","Reggio Emilia"
930,"geotools/geotools","wvaandrager",""
931,"geotools/geotools","bradh",""
932,"gvSIGAssociation/gvsig-mobile","moovida","Bolzano"
933,"gvSIGAssociation/gvsig-mobile","jjdelcerro","Valencia, España"
934,"gvSIGAssociation/gvsig-mobile","dispiste",""
935,"gvSIGAssociation/gvsig-web","egarciad",""
936,"gvSIGAssociation/gvsig-web","pilarargudo","Valencia"
937,"gvSIGAssociation/gvsig-web","osmormar",""
938,"gvSIGAssociation/gvsig-web","dcervera","Valencia, Spain"
939,"gvSIGAssociation/gvsig-web","cordin","Valencia"
940,"istSOS/istsos2","doscio",""
941,"istSOS/istsos2","pesekon2",""
942,"istSOS/istsos2","massimiliano-cannata",""
943,"istSOS/istsos2","mantonovic","Lugano"
944,"jumpinjackie/mapguide-maestro","Noobud",""
945,"jumpinjackie/mapguide-maestro","jumpinjackie",""
946,"mapbender/mapbender","topiwg","Bonn"
947,"mapbender/mapbender","Vaddo","Germany"
948,"mapbender/mapbender","WGSZissner",""
949,"mapbender/mapbender","patrice-geo","Quebec, Canada"
950,"mapbender/mapbender","mariofertc","Ambato"
951,"mapbender/mapbender","philvanbwg",""
952,"mapbender/mapbender","4thel00z",""
953,"mapbender/mapbender","AxxL","Germany"
954,"mapbender/mapbender","WGdogan",""
955,"mapbender/mapbender","sveta-wl",""
956,"mapbender/mapbender","BLorenzWG",""
957,"mapbender/mapbender","marmancs","Remscheid"
958,"mapfish/mapfish","bbinet",""
959,"mapfish/mapfish","fvanderbiest","Chambéry, France"
960,"mapfish/mapfish","ybolognini",""
961,"mapfish/mapfish","pvalsecc","Switzerland"
962,"mapfish/mapfish","asaunier","Lausanne Switzerland"
963,"mapfish/mapfish","fredj","Switzerland"
964,"mapfish/mapfish","elemoine",""
965,"mapfish/mapfish","damiencorpataux","Lausanne, Switzerland"
966,"mapfish/mapfish","pgiraud","Chambéry"
967,"mapfish/mapfish","aabt",""
968,"mapfish/mapfish","spasche",""
969,"mapfish/mapfish","cedricmoullet",""
970,"mapserver/mapserver","pagameba","Ottawa, ON, Canada"
971,"mapserver/mapserver","yjacolin","Le Bourget du Lac"
972,"mapserver/mapserver","nijikon","Cracow, Poland"
973,"mapserver/mapserver","geographika",""
974,"mapserver/mapserver","dshorthouse","Ottawa, ON"
975,"mapserver/mapserver","mkofahl",""
976,"mapserver/mapserver","dufop",""
977,"mapserver/mapserver","micking",""
978,"mapserver/mapserver","ajolma","Helsinki"
979,"mapserver/mapserver","klassenjs",""
980,"mapserver/mapserver","olt","Germany"
981,"mapserver/mapserver","unicolet","Vicenza, Italy"
982,"mapserver/mapserver","MaxKellermann","Germany, Bergisch Gladbach"
983,"mapserver/mapserver","hobu","Iowa City, IA"
984,"mapserver/mapserver","seuros","Tangier, Morocco"
985,"mapserver/mapserver","markathomas","USA"
986,"mapserver/mapserver","blazek","Prague"
987,"mapserver/mapserver","Jenselme","Paris, France"
988,"mapserver/mapserver","gogglesguy",""
989,"mapserver/mapserver","ejn",""
990,"mapserver/mapserver","wraeth","Newcastle, Australia"
991,"mapserver/mapserver","tomkralidis","Toronto, Ontario, Canada"
992,"mapserver/mapserver","akrherz","Ames Iowa"
993,"mapserver/mapserver","kalxas","Athens, Greece"
994,"mapserver/mapserver","msmitherdc","Hanover, NH"
995,"mapserver/mapserver","assefay",""
996,"mapserver/mapserver","cnieman",""
997,"mapserver/mapserver","geonux","Toulouse"
998,"mapserver/mapserver","takinwang",""
999,"mapserver/mapserver","dakcarto","Black Hills, South Dakota"
1000,"mapserver/mapserver","mathieudugal",""
1001,"mapserver/mapserver","astroidex","Cologne"
1002,"mapserver/mapserver","sergmorev",""
1003,"mapserver/mapserver","eidng8",""
1004,"mapserver/mapserver","tigerfoot","Charmoille, Switzerland"
1005,"mapserver/mapserver","homme","Isle of Wight, UK"
1006,"mapserver/mapserver","BernardBielecki",""
1007,"mapserver/mapserver","sebastic",""
1008,"mapserver/mapserver","sbrunner","Lausanne"
1009,"mapserver/mapserver","tokrsen",""
1010,"mapserver/mapserver","sgillies","Fort Collins, Colorado"
1011,"mapserver/mapserver","jlarouche","Chicoutimi, QC, CA"
1012,"mapserver/mapserver","landryb","Auvergne"
1013,"mapserver/mapserver","juliensam",""
1014,"mapserver/mapserver","alexwells55",""
1015,"mapserver/mapserver","fredj","Switzerland"
1016,"mapserver/mapserver","dmorissette","Chicoutimi, QC, Canada"
1017,"mapserver/mapserver","aeichner",""
1018,"mapserver/mapserver","jmckenna","Lunenburg, Nova Scotia, Canada"
1019,"mapserver/mapserver","Schpidi","Vienna, Austria"
1020,"mapserver/mapserver","constantinius","Vienna"
1021,"mapserver/mapserver","embeepea","NYC"
1022,"mapserver/mapserver","JuergenWeichand",""
1023,"mapserver/mapserver","fblackburn","Saguenay, Qc, Canada"
1024,"mapserver/mapserver","szekerest",""
1025,"mapserver/mapserver","AlexanderGabriel",""
1026,"mapserver/mapserver","pmauduit","Chambéry, France"
1027,"mapserver/mapserver","fdesj",""
1028,"mapserver/mapserver","warmerdam","San Francisco"
1029,"mapserver/mapserver","pramsey","Victoria, BC, Canada"
1030,"mapserver/mapserver","flaviommedeiros",""
1031,"mapserver/mapserver","WearyMonkey","Australia"
1032,"mapserver/mapserver","sdlime","Minnesota, USA"
1033,"mapserver/mapserver","luipir",""
1034,"mapserver/mapserver","jwall","Stockholm, Sweden"
1035,"mapserver/mapserver","rouault","France"
1036,"mapserver/mapserver","bradh",""
1037,"mapserver/mapserver","edigiacomo","Bologna, Italy"
1038,"mapserver/mapserver","tbonfort","Toulouse, FR"
1039,"mapserver/mapserver","gberaudo","Switzerland"
1040,"mapserver/mapserver","zidge","Ottawa, Canada"
1041,"mapserver/mapserver","aabhayas","Australia"
1042,"opengeospatial/teamengine","aaime","Italy"
1043,"opengeospatial/teamengine","bermud","Maryland, US"
1044,"opengeospatial/teamengine","tomkralidis","Toronto, Ontario, Canada"
1045,"opengeospatial/teamengine","kstegemoller",""
1046,"opengeospatial/teamengine","dstenger",""
1047,"opengeospatial/teamengine","keshavnangare",""
1048,"opengeospatial/teamengine","keshav-nangare","Pune"
1049,"opengeospatial/teamengine","cmheazel",""
1050,"opengeospatial/teamengine","shane-axiom","Portland, OR"
1051,"opengeospatial/teamengine","upendra-sachan","Baner, Pune"
1052,"opengeospatial/teamengine","lgoltz",""
1053,"opengeospatial/teamengine","tfr42","Cologne, Germany"
1054,"opengeospatial/teamengine","cemorris",""
1055,"opengeospatial/teamengine","lorebiga","Italia"
1056,"opengeospatial/teamengine","rjmartell",""
1057,"opengeospatial/teamengine","tanvi-shah",""
1058,"openlayers/openlayers","tbarsballe",""
1059,"openlayers/openlayers","raiyni","Missouri"
1060,"openlayers/openlayers","marcjansen","Bonn, Germany"
1061,"openlayers/openlayers","Jenselme","Paris, France"
1062,"openlayers/openlayers","twpayne","Zürich, Switzerland"
1063,"openlayers/openlayers","austinkeeley","Fairfax, VA"
1064,"openlayers/openlayers","ThomasG77","Nantes, France"
1065,"openlayers/openlayers","nachouve","Galicia, Spain"
1066,"openlayers/openlayers","jbo023","Berlin"
1067,"openlayers/openlayers","omarkljung","Stockholm"
1068,"openlayers/openlayers","wnordmann",""
1069,"openlayers/openlayers","maveric1977","Munich, Germany"
1070,"openlayers/openlayers","bentrm","Dresden, Germany"
1071,"openlayers/openlayers","icholy","St. Catharines, Ontario"
1072,"openlayers/openlayers","lazaruslarue","wherevs"
1073,"openlayers/openlayers","tschaub",""
1074,"openlayers/openlayers","mblinsitu","Paris, France"
1075,"openlayers/openlayers","tonio","Chambéry, France"
1076,"openlayers/openlayers","Jebjum",""
1077,"openlayers/openlayers","3x0dv5",""
1078,"openlayers/openlayers","ZiglioUK","Bristol, United Kingdom"
1079,"openlayers/openlayers","kalbermattenm","Neuchâtel, Switzerland"
1080,"openlayers/openlayers","aAXEe",""
1081,"openlayers/openlayers","tmcw","San Francisco, CA"
1082,"openlayers/openlayers","htulipe","France"
1083,"openlayers/openlayers","AugustusKling",""
1084,"openlayers/openlayers","crschmidt","Cambridge, MA"
1085,"openlayers/openlayers","felixgirault","Angers, France"
1086,"openlayers/openlayers","Sol1du2",""
1087,"openlayers/openlayers","brendankenny","Mountain View, CA"
1088,"openlayers/openlayers","lasselaakkonen",""
1089,"openlayers/openlayers","austinhyde","Pittsburgh, PA"
1090,"openlayers/openlayers","drnextgis",""
1091,"openlayers/openlayers","ekargee","Perth, Western Australia"
1092,"openlayers/openlayers","jachym",""
1093,"openlayers/openlayers","felixveysseyre","Lyon, France"
1094,"openlayers/openlayers","ischneider",""
1095,"openlayers/openlayers","bjornharrtell","Malmö, SWEDEN"
1096,"openlayers/openlayers","Morgul","Lubbock, TX"
1097,"openlayers/openlayers","drprofesq",""
1098,"openlayers/openlayers","llambanna","New Zealand"
1099,"openlayers/openlayers","cedricmoullet",""
1100,"openlayers/openlayers","argson","Poland"
1101,"openlayers/openlayers","cpsTinK","Russia, Belgorod"
1102,"openlayers/openlayers","invalid-email-address",""
1103,"openlayers/openlayers","NaveenKY","Ludwigshafen, Germany"
1104,"openlayers/openlayers","samuellapointe","Chicoutimi, Quebec, Canada"
1105,"openlayers/openlayers","AlesJiranek","Czech, Prague"
1106,"openlayers/openlayers","sbrunner","Lausanne"
1107,"openlayers/openlayers","juliensam",""
1108,"openlayers/openlayers","greenkeeperio-bot","☁️"
1109,"openlayers/openlayers","stweil","Mannheim, Germany"
1110,"openlayers/openlayers","mprins","Earth (mostly)"
1111,"openlayers/openlayers","probins",""
1112,"openlayers/openlayers","dtreiter",""
1113,"openlayers/openlayers","aisaacs","United States"
1114,"openlayers/openlayers","elemoine",""
1115,"openlayers/openlayers","matjos","Sweden"
1116,"openlayers/openlayers","fperucic","15,45"
1117,"openlayers/openlayers","cs09g","SeongNam, South Korea"
1118,"openlayers/openlayers","j16sdiz","Hong Kong SAR"
1119,"openlayers/openlayers","rattai",""
1120,"openlayers/openlayers","denilsonsa","Brazil"
1121,"openlayers/openlayers","mike-mcgann","Lanham, Maryland"
1122,"openlayers/openlayers","wb14123","China"
1123,"openlayers/openlayers","bobobobo",""
1124,"openlayers/openlayers","sarametz","Auckland, New Zealand"
1125,"openlayers/openlayers","pedros007","Boulder, CO"
1126,"openlayers/openlayers","tomhughes","Hertfordshire, UK"
1127,"openlayers/openlayers","superman32432432",""
1128,"openlayers/openlayers","sebasbaumh","Germany"
1129,"openlayers/openlayers","schuyler","San Francisco, CA"
1130,"openlayers/openlayers","bartvde","Utrecht, The Netherlands"
1131,"openlayers/openlayers","marcosox","Italy"
1132,"openlayers/openlayers","marlowp","United Kingdom"
1133,"openlayers/openlayers","brianreavis","Wyoming"
1134,"openlayers/openlayers","dwins",""
1135,"openlayers/openlayers","scharrier","Angers, France"
1136,"openlayers/openlayers","mpriour","Kerrville, TX, USA"
1137,"openlayers/openlayers","gregersrygg","Oslo, Norway"
1138,"openlayers/openlayers","photostu",""
1139,"openlayers/openlayers","tremby","Vancouver, BC"
1140,"openlayers/openlayers","EduardoNogueira","Porto, Portugal"
1141,"openlayers/openlayers","jorix","Castelldefels (near Barcelona, Spain)"
1142,"openlayers/openlayers","spatialillusions","Gothenburg, Sweden"
1143,"openlayers/openlayers","fredj","Switzerland"
1144,"openlayers/openlayers","kannes","manchmal"
1145,"openlayers/openlayers","dnlkoch","Bonn, Germany"
1146,"openlayers/openlayers","fblackburn","Saguenay, Qc, Canada"
1147,"openlayers/openlayers","aabt",""
1148,"openlayers/openlayers","drupol","Bruxelles"
1149,"openlayers/openlayers","Barryrowe","Louisville, KY"
1150,"openlayers/openlayers","bjnsn","USA"
1151,"openlayers/openlayers","jomue","Copenhagen, Denmark"
1152,"openlayers/openlayers","malaretv",""
1153,"openlayers/openlayers","sweco-sebhar",""
1154,"openlayers/openlayers","chrismayer",""
1155,"openlayers/openlayers","daliborjanak","Olomouc"
1156,"openlayers/openlayers","ahocevar","Austria"
1157,"openlayers/openlayers","itjope","Sundsvall"
1158,"openlayers/openlayers","geonux","Toulouse"
1159,"openlayers/openlayers","bogdanvaduva",""
1160,"openlayers/openlayers","romanzoller",""
1161,"openlayers/openlayers","sdikiy",""
1162,"openlayers/openlayers","TDesjardins",""
1163,"openlayers/openlayers","bylexus",""
1164,"openlayers/openlayers","awaterme",""
1165,"openlayers/openlayers","tamarmot",""
1166,"openlayers/openlayers","f7o","Frankfurt am Main"
1167,"openlayers/openlayers","alvinlindstam",""
1168,"openlayers/openlayers","weskamm","Bonn, Germany"
1169,"openlayers/openlayers","nhambletCCRI",""
1170,"openlayers/openlayers","nicholas-l","New Zealand"
1171,"openlayers/openlayers","giohappy",""
1172,"openlayers/openlayers","thhomas","Ramonville"
1173,"openlayers/openlayers","PeterDaveHello","Taiwan"
1174,"openlayers/openlayers","bill-chadwick","Reading, UK"
1175,"openlayers/openlayers","jonataswalker","Campinas, Brasil"
1176,"openlayers/openlayers","flamandro",""
1177,"openlayers/openlayers","ebelo","Lausanne, Switzerland"
1178,"openlayers/openlayers","DavidHequet",""
1179,"openlayers/openlayers","Alexandre27",""
1180,"openlayers/openlayers","NicolasBrandli","Grenoble"
1181,"openlayers/openlayers","aberenyi","Budapest, Hungary"
1182,"openlayers/openlayers","ath0mas",""
1183,"openlayers/openlayers","tst-ppenev",""
1184,"openlayers/openlayers","trenneman",""
1185,"openlayers/openlayers","nagytech","Sydney, AU"
1186,"openlayers/openlayers","gravitystorm","London"
1187,"openlayers/openlayers","madair",""
1188,"openlayers/openlayers","Toilal","Orléans, France"
1189,"openlayers/openlayers","akkumar",""
1190,"openlayers/openlayers","pksorensen","Denmark"
1191,"openlayers/openlayers","AvatharDG",""
1192,"openlayers/openlayers","thomasmoelhave","Aarhus, Denmark"
1193,"orfeotoolbox/OTB","abricier-cs","France"
1194,"orfeotoolbox/OTB","LucHermitte",""
1195,"orfeotoolbox/OTB","mercierg",""
1196,"orfeotoolbox/OTB","olahlou","Toulouse"
1197,"orfeotoolbox/OTB","gpo-geo",""
1198,"orfeotoolbox/OTB","janestar","Hangzhou,Zhejiang Province"
1199,"orfeotoolbox/OTB","jmichel-otb",""
1200,"orfeotoolbox/OTB","sebastic",""
1201,"orfeotoolbox/OTB","vpoughon",""
1202,"orfeotoolbox/OTB","grizonnetm","Toulouse"
1203,"orfeotoolbox/OTB","jguinet",""
1204,"orfeotoolbox/OTB","sdinot","France"
1205,"orfeotoolbox/OTB","echristophe","California"
1206,"orfeotoolbox/OTB","lnicola","Craiova, Romania"
1207,"orfeotoolbox/OTB","julienmalik","Toulouse, France"
1208,"orfeotoolbox/OTB","dmci99",""
1209,"orfeotoolbox/OTB","savmickael","Toulouse, France"
1210,"orfeotoolbox/OTB","amitkulz",""
1211,"orfeotoolbox/OTB","cpalmann",""
1212,"orfeotoolbox/OTB","remicres","Montpellier, France"
1213,"orfeotoolbox/OTB","rkanavath","France"
1214,"ossimlabs/ossim","Spectrality","Melbourne, FL"
1215,"ossimlabs/ossim","smsiebe","Augusta, GA"
1216,"ossimlabs/ossim","Dylan-Cannisi",""
1217,"ossimlabs/ossim","okramer","Miami Beach"
1218,"ossimlabs/ossim","lbartoletti",""
1219,"ossimlabs/ossim","jmichel-otb",""
1220,"ossimlabs/ossim","dburken",""
1221,"ossimlabs/ossim","gpotts",""
1222,"ossimlabs/ossim","tonytheodore",""
1223,"ossimlabs/ossim","oscarkramer","Miami Beach"
1224,"ossimlabs/ossim","kitplummer","Tucson, AZ"
1225,"ossimlabs/ossim","sebastic",""
1226,"ossimlabs/ossim","rkanavath","France"
1227,"ossimlabs/ossim","LucHermitte",""
1228,"ossimlabs/ossim","melbsurfer",""
1229,"ossimlabs/ossim","sbortman","Melbourne, FL"
1230,"ossimlabs/ossim","arocnies",""
1231,"ossimlabs/ossim","roberts365",""
1232,"ossimlabs/ossim","rddesmond","Washington, DC"
1233,"ossimlabs/ossim","knaquin",""
1234,"ossimlabs/ossim","grizonnetm","Toulouse"
1235,"ossimlabs/ossim","bradh",""
1236,"pgRouting/pgrouting","dkastl","Kobe && Munich"
1237,"pgRouting/pgrouting","hugomd","Melbourne, Australia"
1238,"pgRouting/pgrouting","thayeray",""
1239,"pgRouting/pgrouting","drnextgis",""
1240,"pgRouting/pgrouting","vpicavet","France"
1241,"pgRouting/pgrouting","daas-ankur-shukla","Mumbai, India"
1242,"pgRouting/pgrouting","Illedran",""
1243,"pgRouting/pgrouting","vidhan13j07","Jaipur"
1244,"pgRouting/pgrouting","Zia-","Istanbul, Turkey"
1245,"pgRouting/pgrouting","titanofold","Bryson City, NC USA"
1246,"pgRouting/pgrouting","lvv83","Russia, Komi Republic, Syktyvkar"
1247,"pgRouting/pgrouting","justjkk","Bangalore, India"
1248,"pgRouting/pgrouting","nbrinckm",""
1249,"pgRouting/pgrouting","JakobMiksch","Europe"
1250,"pgRouting/pgrouting","abobov","Tyumen, Russia"
1251,"pgRouting/pgrouting","steigr",""
1252,"pgRouting/pgrouting","scovetta","Washington"
1253,"pgRouting/pgrouting","opessoa","Blumenau"
1254,"pgRouting/pgrouting","cvvergara",""
1255,"pgRouting/pgrouting","dersvenhesse",""
1256,"pgRouting/pgrouting","antonpa",""
1257,"pgRouting/pgrouting","sebastic",""
1258,"pgRouting/pgrouting","clashman",""
1259,"pgRouting/pgrouting","omshinde","Mumbai, India"
1260,"pgRouting/pgrouting","jwakely","London"
1261,"pgRouting/pgrouting","robe2","Boston"
1262,"pgRouting/pgrouting","kiorky","Nantes, France"
1263,"pgRouting/pgrouting","yobiSource","Germany"
1264,"pgRouting/pgrouting","gitter-badger","Safe in the Gitter den"
1265,"pgRouting/pgrouting","dark-panda",""
1266,"pgRouting/pgrouting","krlmlr",""
1267,"pgRouting/pgrouting","woodbri","Greater Boston, Mass., USA"
1268,"pgRouting/pgrouting","petebp",""
1269,"pgRouting/pgrouting","Rylynnn","Xi'an Shaanxi China"
1270,"pgRouting/pgrouting","XJTUmg",""
1271,"pgRouting/pgrouting","zibon",""
1272,"pgRouting/pgrouting","manikanta-kondeti","IIIT,Hyderabad"
1273,"pgRouting/pgrouting","sanak","Japan, Kansai"
1274,"pgRouting/pgrouting","grayed","Russia/Moscow"
1275,"pgRouting/pgrouting","smathermather","Cleveland, OH"
1276,"pgRouting/pgrouting","iamrohith94","India"
1277,"postgis/postgis","nicklasaven",""
1278,"postgis/postgis","Komzpa","Minsk, Belarus"
1279,"postgis/postgis","pramsey","Victoria, BC, Canada"
1280,"postgis/postgis","cmhodgson","Victoria, BC, Canada"
1281,"postgis/postgis","ergunbaris",""
1282,"postgis/postgis","robe2","Boston"
1283,"postgis/postgis","bjornharrtell","Malmö, SWEDEN"
1284,"postgis/postgis","sfrost",""
1285,"postgis/postgis","strk",""
1286,"postgis/postgis","dbaston","Vermont"
1287,"postgis/postgis","mloskot","Wrocław, PL | London, UK"
1288,"postgis/postgis","jeffloun",""
1289,"postgis/postgis","woodbri","Greater Boston, Mass., USA"
1290,"postgis/postgis","devrimgunduz","Istanbul"
1291,"postgis/postgis","markusschaber","Kempten, Germany"
1292,"postgis/postgis-java","pramsey","Victoria, BC, Canada"
1293,"postgis/postgis-java","cmhodgson","Victoria, BC, Canada"
1294,"postgis/postgis-java","ergunbaris",""
1295,"postgis/postgis-java","phillipross",""
1296,"postgis/postgis-java","sebasbaumh","Germany"
1297,"postgis/postgis-java","robe2","Boston"
1298,"postgis/postgis-java","ch-beck",""
1299,"postgis/postgis-java","markusschaber","Kempten, Germany"
1300,"qgis/QGIS","sikmir","St. Petersburg, Russia"
1301,"qgis/QGIS","simon04","Innsbruck, Austria"
1302,"qgis/QGIS","homann","Hindås"
1303,"qgis/QGIS","MarieSilvestre",""
1304,"qgis/QGIS","jgrocha","Braga, Portugal"
1305,"qgis/QGIS","aharfoot",""
1306,"qgis/QGIS","landam","Prague, Czech Republic"
1307,"qgis/QGIS","stevenmizuno",""
1308,"qgis/QGIS","DelazJ","FRANCE"
1309,"qgis/QGIS","cdavila",""
1310,"qgis/QGIS","olivierdalang","Suva, Fiji"
1311,"qgis/QGIS","pka","Zürich, Switzerland"
1312,"qgis/QGIS","eykamp",""
1313,"qgis/QGIS","ajdunlap","Stanford, CA"
1314,"qgis/QGIS","ghtmtt",""
1315,"qgis/QGIS","ThomasG77","Nantes, France"
1316,"qgis/QGIS","gshegunov","Sofia, Bulgaria"
1317,"qgis/QGIS","Roel","Ghent, Belgium"
1318,"qgis/QGIS","tomkralidis","Toronto, Ontario, Canada"
1319,"qgis/QGIS","nachouve","Galicia, Spain"
1320,"qgis/QGIS","manisandro",""
1321,"qgis/QGIS","rutsky",""
1322,"qgis/QGIS","rudithiede",""
1323,"qgis/QGIS","tqhien","France"
1324,"qgis/QGIS","simoc",""
1325,"qgis/QGIS","dakcarto","Black Hills, South Dakota"
1326,"qgis/QGIS","chau-intl",""
1327,"qgis/QGIS","tomtor","Netherlands"
1328,"qgis/QGIS","mwa","Zurich, Switzerland"
1329,"qgis/QGIS","cjmayo",""
1330,"qgis/QGIS","DiGro","Hoorn NH"
1331,"qgis/QGIS","kiselev-dv","Yekaterinburg, Russia"
1332,"qgis/QGIS","pblottiere",""
1333,"qgis/QGIS","bartnv","Netherlands"
1334,"qgis/QGIS","marcel-dancak",""
1335,"qgis/QGIS","blackgis",""
1336,"qgis/QGIS","peppsac",""
1337,"qgis/QGIS","RCura","Paris, France"
1338,"qgis/QGIS","copying",""
1339,"qgis/QGIS","ricardogsilva",""
1340,"qgis/QGIS","Qgis-Tr-kr","Seoul, South Korea"
1341,"qgis/QGIS","pvalsecc","Switzerland"
1342,"qgis/QGIS","rduivenvoorde",""
1343,"qgis/QGIS","tomchadwin","UK"
1344,"qgis/QGIS","tmizu23","Sendai Miyagi Japan"
1345,"qgis/QGIS","All4Gis","Madrid , Spain"
1346,"qgis/QGIS","sept-en","Ukraine"
1347,"qgis/QGIS","kthy","Taastrup, Denmark"
1348,"qgis/QGIS","mach0","somewhere left of beta centauri"
1349,"qgis/QGIS","szekerest",""
1350,"qgis/QGIS","nirvn","Southeast Asia, based in Phnom Penh"
1351,"qgis/QGIS","PhilippeDorelon",""
1352,"qgis/QGIS","spatialthoughts","Bangalore"
1353,"qgis/QGIS","simogeo","Paris, France"
1354,"qgis/QGIS","ddanielvaz","Marília-SP, Brazil"
1355,"qgis/QGIS","artfwo","Novosibirsk, Russia"
1356,"qgis/QGIS","slarosa","Rende, Calabria (Italy)"
1357,"qgis/QGIS","leyan",""
1358,"qgis/QGIS","rugginoso","Florence, Italy"
1359,"qgis/QGIS","om-henners","Melbourne, Australia"
1360,"qgis/QGIS","dzolo","Slavičín"
1361,"qgis/QGIS","mj10777","Berlin, Germany"
1362,"qgis/QGIS","g-sherman",""
1363,"qgis/QGIS","aginor","New Zealand"
1364,"qgis/QGIS","arnaud-morvan","Chambéry"
1365,"qgis/QGIS","sanak","Japan, Kansai"
1366,"qgis/QGIS","spencerrecneps",""
1367,"qgis/QGIS","johanvdw",""
1368,"qgis/QGIS","dwadler","Woodstock, NY USA"
1369,"qgis/QGIS","jangbi882",""
1370,"qgis/QGIS","imincik","New Zealand/Slovakia"
1371,"qgis/QGIS","jachym",""
1372,"qgis/QGIS","mhugo","Nantes"
1373,"qgis/QGIS","jdugge",""
1374,"qgis/QGIS","luipir",""
1375,"qgis/QGIS","mbernasocchi",""
1376,"qgis/QGIS","peterisb","Latvia"
1377,"qgis/QGIS","rcoup","Edinburgh, Scotland"
1378,"qgis/QGIS","nouanda","France"
1379,"qgis/QGIS","PeterPetrik","Czech Republic"
1380,"qgis/QGIS","wonder-sk","Earth"
1381,"qgis/QGIS","coyotte508",""
1382,"qgis/QGIS","gvellut","Annecy"
1383,"qgis/QGIS","kalxas","Athens, Greece"
1384,"qgis/QGIS","JamesShaeffer",""
1385,"qgis/QGIS","doublebyte1","Italy"
1386,"qgis/QGIS","tcoupin","Montpellier"
1387,"qgis/QGIS","jnmoal","France"
1388,"qgis/QGIS","Trashmonk",""
1389,"qgis/QGIS","lynxlynxlynx","Ljubljana"
1390,"qgis/QGIS","akbargumbira","Warsaw, Poland"
1391,"qgis/QGIS","sbrunner","Lausanne"
1392,"qgis/QGIS","gioman","Évora, Portugal"
1393,"qgis/QGIS","asiersarasua","Gasteiz"
1394,"qgis/QGIS","volter",""
1395,"qgis/QGIS","cedi4155476","Switzerland"
1396,"qgis/QGIS","telwertowski","Brookline, MA, US"
1397,"qgis/QGIS","tecoholic","Chennai"
1398,"qgis/QGIS","Gustry","France, Africa and Asia"
1399,"qgis/QGIS","christianurich",""
1400,"qgis/QGIS","frugardc","New York City, NY"
1401,"qgis/QGIS","ahuarte47","Pamplona/Iruña - Navarra"
1402,"qgis/QGIS","etiennesky","Barcelona"
1403,"qgis/QGIS","pierstitus","Netherlands"
1404,"qgis/QGIS","sfkeller","Rapperswil SG, Switzerland"
1405,"qgis/QGIS","vinayan","India"
1406,"qgis/QGIS","volaya",""
1407,"qgis/QGIS","tudorbarascu","Râmnicu Vâlcea, România"
1408,"qgis/QGIS","vpoughon",""
1409,"qgis/QGIS","simonsonc",""
1410,"qgis/QGIS","pcav","anywhere"
1411,"qgis/QGIS","avlisad",""
1412,"qgis/QGIS","amondot",""
1413,"qgis/QGIS","KentPorter-Boundless",""
1414,"qgis/QGIS","loiemilio","Dublin"
1415,"qgis/QGIS","bstroebl","Germany"
1416,"qgis/QGIS","ndamiens",""
1417,"qgis/QGIS","mkrambach","Osnabrück, Germany"
1418,"qgis/QGIS","rldhont",""
1419,"qgis/QGIS","kyngchaos",""
1420,"qgis/QGIS","elpaso","Luserna San Giovanni (TO), Italy"
1421,"qgis/QGIS","grizonnetm","Toulouse"
1422,"qgis/QGIS","jonnyforestGIS","Coimbra"
1423,"qgis/QGIS","myarjunar","Bandung"
1424,"qgis/QGIS","epifanio",""
1425,"qgis/QGIS","blazek","Prague"
1426,"qgis/QGIS","spilth","Brooklyn, NY"
1427,"qgis/QGIS","yjacolin","Le Bourget du Lac"
1428,"qgis/QGIS","saberraz","UK"
1429,"qgis/QGIS","RossGammon",""
1430,"qgis/QGIS","andreabedini","Perth, Australia"
1431,"qgis/QGIS","michaelkirk",""
1432,"qgis/QGIS","jarl-dk","Copenhagen, Denmark"
1433,"qgis/QGIS","drnextgis",""
1434,"qgis/QGIS","jtornero","Spain"
1435,"qgis/QGIS","liberostelios","Athens, Greece"
1436,"qgis/QGIS","simonokeefe","Melbourne, Australia"
1437,"qgis/QGIS","mhugent",""
1438,"qgis/QGIS","to-kr",""
1439,"qgis/QGIS","MatMatt","Copenhagen"
1440,"qgis/QGIS","milenanv",""
1441,"qgis/QGIS","aroche",""
1442,"qgis/QGIS","ninsbl","Oslo"
1443,"qgis/QGIS","huhabla",""
1444,"qgis/QGIS","alisovenko",""
1445,"qgis/QGIS","pavlova-marina",""
1446,"qgis/QGIS","endmax",""
1447,"qgis/QGIS","AsgerPetersen","Copenhagen, Denmark"
1448,"qgis/QGIS","csandor","Budapest"
1449,"qgis/QGIS","Zverik","Moscow"
1450,"qgis/QGIS","andreasneumann","Switzerland"
1451,"qgis/QGIS","medspx","France"
1452,"qgis/QGIS","signedav",""
1453,"qgis/QGIS","3nids","Vevey, Switzerland"
1454,"qgis/QGIS","nyalldawson","Melbourne, Australia"
1455,"qgis/QGIS","haubourg","Grenoble, France"
1456,"qgis/QGIS","biolds",""
1457,"qgis/QGIS","raymondnijssen","Netherlands"
1458,"qgis/QGIS","alexbruy","Ukraine"
1459,"qgis/QGIS","aaime","Italy"
1460,"qgis/QGIS","SrNetoChan","Portugal"
1461,"qgis/QGIS","snorfalorpagus","Oxford, United Kingdom"
1462,"qgis/QGIS","scubbx",""
1463,"qgis/QGIS","duncan-r",""
1464,"qgis/QGIS","ar-jan","The Netherlands"
1465,"qgis/QGIS","dassau","Düsseldorf, Germany"
1466,"qgis/QGIS","carolinux","Zurich"
1467,"qgis/QGIS","ErunamoJAZZ","Colombia"
1468,"qgis/QGIS","msemchaoui",""
1469,"qgis/QGIS","jekhor",""
1470,"qgis/QGIS","daniviga","Bergamo | Pavia, Italy"
1471,"qgis/QGIS","PedroVenancio","Portugal"
1472,"qgis/QGIS","antoniolocandro","Honduras"
1473,"qgis/QGIS","jetuk","Lincolnshire, United Kingdom"
1474,"qgis/QGIS","landryb","Auvergne"
1475,"qgis/QGIS","luzpaz",""
1476,"qgis/QGIS","minorua","Okayama, Japan"
1477,"qgis/QGIS","RobDeBagel","Melbourne, Australia"
1478,"qgis/QGIS","marcelosoaressouza","Brasília, DF, Brasil"
1479,"qgis/QGIS","Jean-Roc","Arras"
1480,"qgis/QGIS","misto","Switzerland"
1481,"qgis/QGIS","AlisterH",""
1482,"qgis/QGIS","qgep-bot",""
1483,"qgis/QGIS","borysiasty","Internet"
1484,"qgis/QGIS","yellow-sky","Russia, Moscow"
1485,"qgis/QGIS","dmarteau",""
1486,"qgis/QGIS","Cracert",""
1487,"qgis/QGIS","edigonzales","Solothurn"
1488,"qgis/QGIS","fritsvanveen","Wijster, Netherlands"
1489,"qgis/QGIS","thomasdziedzic","San Francisco"
1490,"qgis/QGIS","cmoe",""
1491,"qgis/QGIS","ismailsunni","Yogyakarta, Indonesia"
1492,"qgis/QGIS","m-kuhn","Switzerland"
1493,"qgis/QGIS","radosuav",""
1494,"qgis/QGIS","dgoedkoop","Germany"
1495,"qgis/QGIS","neteler",""
1496,"qgis/QGIS","sdikiy",""
1497,"qgis/QGIS","melak",""
1498,"qgis/QGIS","eaglevis","Poland"
1499,"qgis/QGIS","ptormene",""
1500,"qgis/QGIS","spono","IT"
1501,"qgis/QGIS","amitkulz",""
1502,"qgis/QGIS","lbartoletti",""
1503,"qgis/QGIS","opoplawski","Boulder, CO"
1504,"qgis/QGIS","yoichigmf","Tokyo　Japan"
1505,"qgis/QGIS","fsdias",""
1506,"qgis/QGIS","serialc","Beverley, UK"
1507,"qgis/QGIS","jef-n","Northern Germany"
1508,"qgis/QGIS","VKa",""
1509,"qgis/QGIS","anitagraser",""
1510,"qgis/QGIS","vmora","Biviers"
1511,"qgis/QGIS","tomass","Vilnius, Lithuania"
1512,"qgis/QGIS","fnorf","Hamburg"
1513,"qgis/QGIS","lucalanteri",""
1514,"qgis/QGIS","marioba","Switzerland"
1515,"qgis/QGIS","Hvitnov","Samsø, Denmark"
1516,"qgis/QGIS","sebastic",""
1517,"qgis/QGIS","giohappy",""
1518,"qgis/QGIS","jcomas","Salt, Girona, Spain"
1519,"qgis/QGIS","HenningJagd",""
1520,"qgis/QGIS","SebDieBln","Berlin"
1521,"qgis/QGIS","naihil",""
1522,"qgis/QGIS","spaceof7",""
1523,"qgis/QGIS","palmerj","Wellington, New Zealand"
1524,"qgis/QGIS","brushtyler",""
1525,"qgis/QGIS","dbaston","Vermont"
1526,"qgis/QGIS","rouault","France"
1527,"qgis/QGIS","gitter-badger","Safe in the Gitter den"
1528,"qgis/QGIS","dodobas",""
1529,"qgis/QGIS","luca76","Northern Italy"
1530,"qgis/QGIS","whatnick","Adelaide"
1531,"qgis/QGIS","mdouchin",""
1532,"qgis/QGIS","schmandr","Solothurn"
1533,"qgis/QGIS","gacarrillor","South America"
1534,"qgis/QGIS","ccrook","New Zealand"
1535,"qgis/QGIS","tpo",""
1536,"qgis/QGIS","pkinglinz","Wellington, NZ"
1537,"qgis/QGIS","NathanW2","Australia"
1538,"qgis/QGIS","strk",""
1539,"qgis/QGIS","cayetanobv","Seville, Andalusia (Spain)"
1540,"qgis/QGIS","a17r",""
1541,"qgis/QGIS","zjankovic",""
1542,"qgis/QGIS","julienmalik","Toulouse, France"
1543,"qgis/QGIS","thodorisvakkas",""
1544,"qgis/QGIS","serval2412","France"
1545,"qgis/QGIS","timlinux","SA"
